title,not discounted price,discount,price,developer,extraction date
Evil West,50€,-24%,37.99€,Flying Wild Hog,2022-11-22 22:44:39.715645
Marvel’s Spider-Man: Miles Morales,50€,-31%,34.49€,Insomniac GamesNixxes Software,2022-11-22 22:44:40.831153
Pokémon Violeta Switch - Europe,60€,-7%,55.99€,GAME FREAK inc.,2022-11-22 22:44:41.982325
Pokémon Escarlata Switch - Europe,60€,-7%,55.99€,GAME FREAK inc.,2022-11-22 22:44:43.100047
Call of Duty: Modern Warfare II Cross-Gen Bundle (Xbox ONE / Xbox Series X|S),80€,-21%,62.99€,Infinity WardRaven SoftwareBeenoxTreyarchHigh Moon StudiosSledgehammer GamesActivision ShanghaiDemonwareToys for Bob,2022-11-22 22:44:44.455801
FIFA 23: 2800 FUT Points,25€,-20%,19.99€,EA Canada & EA Romania,2022-11-22 22:44:45.843608
The Dark Pictures Anthology: The Devil in Me - Europe,40€,-25%,29.89€,Supermassive Games,2022-11-22 22:44:48.545748
Just Dance 2023 Edition Switch - Europe,60€,-51%,29.49€,Ubisoft,2022-11-22 22:44:49.595086
Marvel's Spider-Man Remastered,60€,-47%,31.99€,Insomniac GamesNixxes Software,2022-11-22 22:44:50.735193
Football Manager 2023 - Europe, 60€,-30%,41.79€,Sports Interactive,2022-11-22 22:44:51.805714
FIFA 23,70€,-26%,51.49€,EA Canada & EA Romania,2022-11-22 22:44:52.995587
Farming Simulator 22 - Platinum Expansion,20€,-33%,13.49€,Giants Software,2022-11-22 22:44:54.128689
FIFA 23: 5900 FUT Points,50€,-16%,41.89€,EA Canada & EA Romania,2022-11-22 22:44:55.246636
FIFA 23: 12000 FUT Points,100€,-20%,79.69€,EA Canada & EA Romania,2022-11-22 22:44:56.435562
Los Sims 4 Años High School,40€,-28%,28.79€,Maxis,2022-11-22 22:44:57.702656
Frozen Flame,30€,-49%,15.29€,Dreamside Interactive,2022-11-22 22:45:00.130677
Farming Simulator 22 Platinum Edition,40€,-31%,27.49€,Giants Software,2022-11-22 22:45:01.263042
Hogwarts Legacy Deluxe Edition - Europe,70€,-21%,55.19€,Avalanche Software,2022-11-22 22:45:02.783674
Football Manager 2023 (Multi-Platform) - Europe,60€,-43%,34.29€,Sports Interactive,2022-11-22 22:45:03.952063
Mount & Blade II: Bannerlord,50€,-44%,27.90€,TaleWorlds Entertainment,2022-11-22 22:45:05.034188
FIFA 23: 2800 FUT Points (Xbox ONE / Xbox Series X|S) - Europe,25€,-20%,19.99€,EA Canada & EA Romania,2022-11-22 22:45:06.810978
FIFA 23: 12000 FUT Points (Xbox ONE / Xbox Series X|S) - Europe,100€,-25%,74.69€,EA Canada & EA Romania,2022-11-22 22:45:07.866760
FIFA 23: 5900 FUT Points (Xbox ONE / Xbox Series X|S) - Europe,50€,-20%,39.99€,EA Canada & EA Romania,2022-11-22 22:45:09.300695
F1 Manager 2022 - Europe,55€,-53%,25.69€,Frontier Developments,2022-11-22 22:45:11.082135
WRC Generations Fully Loaded Edition,46€ ,-45%,25.49€,KT Racing,2022-11-22 22:45:12.397711
Evil West (Xbox ONE / Xbox Series X|S) - Europe,50€,-4%,47.99€,Flying Wild Hog,2022-11-22 22:45:13.414235
Goat Simulator 3 - Europe,30€,-34%,19.69€,Coffee Stain Studios,2022-11-22 22:45:14.748339
Victoria 3,50€,-36%,31.99€,Paradox Development Studio,2022-11-22 22:45:15.850647
Uncharted Legacy of Thieves Collection - Europe,50€,-33%,33.49€,Naughty Dog LLCIron Galaxy Studios,2022-11-22 22:45:16.897828
Call of Duty: Modern Warfare II Vault Edition (Xbox ONE / Xbox Series X|S),110€,-21%,86.49€,Infinity WardRaven SoftwareBeenoxTreyarchHigh Moon StudiosSledgehammer GamesActivision ShanghaiDemonwareToys for Bob,2022-11-22 22:45:18.283941
F1 22,60€,-43%,34.49€,Codemasters,2022-11-22 22:45:19.609790
Beyond The Wire,30€,-90%,2.92€,Redstone Interactive,2022-11-22 22:45:22.620496
Construction Simulator Extended Edition,40€,-27%,29.29€,weltenbauer. Software Entwicklung GmbH,2022-11-22 22:45:23.748418
Cities: Skylines - Plazas & Promenades,15€,-42%,8.68€,Colossal Order Ltd.,2022-11-22 22:45:25.177496
Sonic Frontiers - Europe,60€,-19%,48.49€,Sonic Team,2022-11-22 22:45:26.430910
NBA 2K23 - Europe,60€,-48%,31.25€,Visual Concepts,2022-11-22 22:45:27.646603
Land of the Vikings - Europe,20€,-35%,12.99€,Laps Games,2022-11-22 22:45:39.549967
Crisis Core – Final Fantasy VII - Reunion - Europe,50€,-27%,36.49€,"TOSE CO., LTD.Square Enix",2022-11-22 22:45:40.660498
Crusader Kings III: Friends & Foes, 5€,-42%,2.88€,Paradox Development Studio,2022-11-22 22:45:42.159382
God of War: Ragnarök (PS4 / PS5) - Europe,80€,-4%,76.97€,Santa Monica Studio,2022-11-22 22:45:43.409077
Los Sims 4 Clean & Cozy,15€,-43%,8.56€,Maxis,2022-11-22 22:45:44.890479
Need for Speed Unbound,70€,-29%,49.99€,Criterion Games,2022-11-22 22:45:45.969452
Victoria 3 Grand Edition,80€,-44%,44.59€,Paradox Development Studio,2022-11-22 22:45:47.229329
Destiny 2: Eclipse + Pase anual,100€,-31%,68.69€,Bungie,2022-11-22 22:45:48.800462
SpiderHeck,15€,-45%,8.29€,Neverjam,2022-11-22 22:45:50.414216
A Plague Tale: Requiem,50€,-30%,34.99€,Asobo Studio,2022-11-22 22:45:51.461541
Persona 5 Royal - Europe,60€,-18%,49.02€,ATLUS,2022-11-22 22:45:53.985002
FIFA 23: 1600 FUT Points,15€,-13%,12.99€,EA Canada & EA Romania,2022-11-22 22:45:55.256248
FIFA 23: 1050 FUT Points,10€,-10%,8.99€,EA Canada & EA Romania,2022-11-22 22:45:56.379258
Cities: Skylines - Content Creator Pack: Seaside Resorts,6€,-33%,3.99€,Geze,2022-11-22 22:45:57.660054
Resident Evil Village - Expansión de los Winters,20€,-28%,14.49€,"CAPCOM Co., Ltd.",2022-11-22 22:45:58.919070
Planet Zoo: Twilight Pack,10€,-26%,7.37€,Frontier Developments,2022-11-22 22:46:00.094712
Police Simulator: Patrol Officers,30€,-27%,21.99€,Aesir Interactive,2022-11-22 22:46:01.108813
The Elder Scrolls Online Collection: High Isle,60€,-75%,14.99€,Zenimax Online Studios,2022-11-22 22:46:02.212668
Floodland,30€,-27%,21.99€,Vile Monarch,2022-11-22 22:46:05.309010
Chivalry 2,36€,-61%,14.19€,Torn Banner Studios,2022-11-22 22:46:06.575738
Dinkum,17€,-29%,11.99€,James Bendon,2022-11-22 22:46:08.916836
Asterigos: Curse of the Stars,35€,-49%,17.69€,Acme Gamestudio,2022-11-22 22:46:14.405687
Total War: Warhammer III - Champions of Chaos - Europe,16€,-19%,12.99€,CREATIVE ASSEMBLY,2022-11-22 22:46:16.759631
Hearts of Iron IV: By Blood Alone,20€,-43%,11.49€,Paradox Development Studio,2022-11-22 22:46:17.910852
Detached,23€,-95%,1.22€,Anshar Studios,2022-11-22 22:46:23.608415
Omno,18€,-94%,1.00€,Jonas Manke,2022-11-22 22:46:25.919050
Spellcaster University,21€,-94%,1.30€,Sneaky Yak Studio,2022-11-22 22:46:28.136361
UnMetal,17€,-94%,1.08€,@unepic_fran,2022-11-22 22:46:30.038713
Xcom: Ultimate Collection,132€,-94%,7.66€,Firaxis GamesFeral Interactive (Linux),2022-11-22 22:46:31.232840
Take on Mars,25€,-94%,1.50€,Bohemia Interactive,2022-11-22 22:46:32.302875
Lacuna – A Sci-Fi Noir Adventure,16€,-94%,1.00€,DigiTales Interactive,2022-11-22 22:46:33.869313
In Sound Mind,30€,-94%,1.90€,We Create Stuff,2022-11-22 22:46:35.492562
Before We Leave, 18€,-94%,1.14€,Balancing Monkey Games,2022-11-22 22:46:36.592200
Siege Survival: Gloria Victis,25€,-94%,1.53€,Black Eye GamesFishTankStudio,2022-11-22 22:46:38.714641
Fort Triumph,17€,-94%,1.00€,CookieByte Entertainment,2022-11-22 22:46:40.836399
Nebuchadnezzar,20€,-94%,1.14€,Nepos Games,2022-11-22 22:46:42.306516
Banners of Ruin,18€,-94%,1.10€,MonteBearo,2022-11-22 22:46:43.552127
The Wild Eight,25€,-94%,1.62€,FNTASTIC,2022-11-22 22:46:44.740436
Chicken Police - Paint it RED!,20€,-94%,1.24€,The Wild Gentlemen,2022-11-22 22:46:46.650473
Tower of Time,21€,-94%,1.32€,Event Horizon,2022-11-22 22:46:48.314325
Goodbye Deponia,20€,-94%,1.26€,Daedalic Entertainment,2022-11-22 22:46:49.732021
Dying Light - The Bozak Horde,30€ ,-94%,1.89€,Techland,2022-11-22 22:46:51.354437
Stronghold Crusader 2: Special Edition,42€,-94%,2.68€,FireFly Studios,2022-11-22 22:46:55.501371
Warhammer: End Times - Vermintide,28€,-94%,1.66€,Fatshark,2022-11-22 22:46:56.732752
Cities in Motion 1 and 2 Collection,148€,-94%,8.99€,Colossal Order Ltd.,2022-11-22 22:46:58.133685
Tyranny Gold Edition,59€,-94%,3.58€,Obsidian Entertainment,2022-11-22 22:46:59.155309
Effie,17€,-94%,1.00€,Inverge Studios,2022-11-22 22:47:00.414847
"Cook, Serve, Delicious! 3?!",17€,-94%,1.00€,Vertigo Gaming Inc.,2022-11-22 22:47:01.587589
Automobilista,24€,-94%,1.49€,Reiza Studios,2022-11-22 22:47:02.636406
Trulon: The Shadow Engine,20€,-94%,1.27€,Kyy Games,2022-11-22 22:47:04.118487
Act of Aggression - Reboot Edition,30€,-94%,1.66€,Eugen Systems,2022-11-22 22:47:05.596364
RAD,20€,-94%,8.99€,Double Fine Productions,2022-11-22 22:47:07.023234
BattleTech Mercenary Collection,89€,-94%,4.99€,Harebrained Schemes,2022-11-22 22:47:08.594903
RIOT: Civil Unrest,17€,-94%,1.00€,Leonard MenchiariIV Productions,2022-11-22 22:47:10.165962
Surviving Mars Digital Deluxe Edition,40€,-94%,2.59€,Haemimont GamesAbstraction,2022-11-22 22:47:11.473404
Lego Batman 3: Beyond Gotham,30€,-94%,1.65€,TT Games Ltd,2022-11-22 22:47:12.590378
Fell Seal: Arbiter's Mark,25€,-94%,1.50€,6 Eyes Studio,2022-11-22 22:47:13.832251
Blacksad - Under The Skin,40€,-94%,2.21€,Pendulo StudiosYS Interactive,2022-11-22 22:47:15.303945
Tropico 4 Collector's Bundle,25€ ,-94%,1.59€,Haemimont Games,2022-11-22 22:47:16.517747
Rapture Rejects,17€,-94%,1.00€,Galvanic GamesExplosm Games,2022-11-22 22:47:17.469318
Figment,20€,-94%,1.20€,Bedtime Digital Games,2022-11-22 22:47:19.377814
The Golf Club 2019 Featuring PGA Tour - Europe,50€,-94%,2.93€,HB Studios Multimedia Ltd.,2022-11-22 22:47:21.101455
Age of Wonders III - Europe,30€,-94%,1.79€,Triumph Studios,2022-11-22 22:47:22.603879
Shadow of the Tomb Raider Season Pass,90€,-94%,4.99€,Eidos-MontréalCrystal DynamicsNixxes,2022-11-22 22:47:24.382707
Lifeless Planet Premier Edition,20€,-94%,1.26€,Stage 2 Studios,2022-11-22 22:47:25.810962
Galak-Z,20€,-94%,1.21€,17-BIT,2022-11-22 22:47:27.032305
Just Cause 4 Reloaded,130€,-94%,7.27€,Avalanche Studios,2022-11-22 22:47:28.460171
Tooth and Tail,20€,-94%,1.10€,Pocketwatch Games,2022-11-22 22:47:29.651149
Chaos on Deponia,20€,-94%,1.25€,Daedalic Entertainment,2022-11-22 22:47:31.206920
Syndrome,20€,-94%,1.12€,Camel 101,2022-11-22 22:47:33.058080
BattleTech,40€,-94%,2.29€,Harebrained Schemes,2022-11-22 22:47:34.082632
Yooka-Laylee,40€,-94%,2.49€,Playtonic Games,2022-11-22 22:47:35.810490
Shadow Tactics: Blades of the Shogun,40€,-94%,2.20€,Mimimi Games,2022-11-22 22:47:37.107911
Stable Orbit,17€,-94%,1.00€,Codalyn,2022-11-22 22:47:38.813503
Agents of Mayhem,30€,-94%,1.75€,Deep Silver Volition,2022-11-22 22:47:39.861177
Starpoint Gemini Warlords,32€,-94%,1.99€,Little Green Men Games,2022-11-22 22:47:40.907958
Styx: Master of Shadows,20€,-94%,1.20€,Cyanide Studio,2022-11-22 22:47:42.285875
Battlefield 3: Aftermath,15€,-93%,1.00€,DICE,2022-11-22 22:47:43.479788
Edna & Harvey: Harvey's New Eyes,20€,-93%,1.32€,Daedalic Entertainment,2022-11-22 22:47:44.918349
Red Solstice 2: Survivors,30€,-93%,2.17€,Ironward,2022-11-22 22:47:46.785871
Retimed,14€,-93%,1.00€,Team Maniax,2022-11-22 22:47:47.833364
Redeemer: Enhanced Edition,15€,-93%,1.00€,Sobaka Studio,2022-11-22 22:47:49.026724
Tropico 3: Gold Edition,15€,-93%,1.00€,Haemimont Games,2022-11-22 22:47:50.590603
Sid Meier’s Civilization VI,60€,-93%,4.04€,Firaxis GamesAspyr (Mac)Aspyr (Linux),2022-11-22 22:47:53.617130
Genesis Noir,15€,-93%,1.00€,Feral Cat Den,2022-11-22 22:47:58.576304
Seven: Enhanced Edition,30€,-93%,2.17€,IMGN.PROFool's Theory,2022-11-22 22:47:59.567973
Pine,21€,-93%,1.53€,Twirlbound,2022-11-22 22:48:01.160593
Rustler,21€,-93%,1.46€,Jutsu Games,2022-11-22 22:48:03.346350
Pumpkin Jack,30€,-93%,2.18€,Nicolas Meyssonnier,2022-11-22 22:48:04.944648
Star Wars Collection,187€,-93%,13.94€,Pandemic Studios,2022-11-22 22:48:06.115464
Sid Meier's Starships,15€,-93%,1.00€,Firaxis Games,2022-11-22 22:48:07.239032
Sid Meier's Civilization: Beyond Earth - The Collection,55€,-93%,3.59€,Firaxis GamesAspyr (Mac)Aspyr (Linux),2022-11-22 22:48:08.473718
Colt Canyon,15€,-93%,1.00€,Retrific,2022-11-22 22:48:09.841374
Remothered: Broken Porcelain,30€,-93%,1.99€,Stormind Games,2022-11-22 22:48:11.158959
Homeworld Remastered Collection,32€,-93%,2.29€,Gearbox Software,2022-11-22 22:48:12.471041
Observation,21€,-93%,1.49€,No Code,2022-11-22 22:48:13.659835
PGA Tour 2K21 - Europe,60€,-93%,4.04€,HB Studios Multimedia Ltd.,2022-11-22 22:48:15.186846
Intruders Hide and Seek,20€,-93%,1.31€,Tessera Studios,2022-11-22 22:48:16.602797
ShootMania Storm,20€,-93%,1.46€,Nadeo,2022-11-22 22:48:17.833471
Battlestar Galactica Deadlock,37€,-93%,2.69€,Black Lab Games,2022-11-22 22:48:18.845410
Iris and the Giant,15€,-93%,1.00€,Louis Rigaud,2022-11-22 22:48:20.161923
Hotshot Racing,20€,-93%,1.30€,Sumo Digital LtdLucky Mountain Games,2022-11-22 22:48:21.336631
Gray Dawn,17€,-93%,1.16€,Interactive Stone,2022-11-22 22:48:24.292782
Boundless,40€,-93%,2.83€,Wonderstruck,2022-11-22 22:48:25.615552
Sniper Elite 4 Deluxe Edition,90€,-93%,6.36€,Rebellion,2022-11-22 22:48:26.791667
Sid Meier’s Civilization VI: Platinum Edition - Europe,168€,-93%,11.89€,Firaxis Games,2022-11-22 22:48:27.893941
Crying Suns,21€,-93%,1.44€,Alt Shift,2022-11-22 22:48:29.850458
Yooka-Laylee and the Impossible Lair,30€,-93%,1.99€,Playtonic Games,2022-11-22 22:48:31.294466
ReignMaker,15€,-93%,1.00€,Frogdice,2022-11-22 22:48:32.812548
Iratus: Lord of the Dead,30€,-93%,2.24€,Unfrozen,2022-11-22 22:48:34.231826
"Warhammer 40,000: Gladius - Relics of War",34€,-93%,2.54€,Proxy Studios,2022-11-22 22:48:35.512453
Lego Marvel's Avengers Deluxe Edition,40€,-93%,2.99€,Traveller's TalesTT GamesFeral Interactive (Mac),2022-11-22 22:48:37.458827
Tiny Echo,15€,-93%,1.00€,Might and Delight,2022-11-22 22:48:38.933565
Tacoma,17€,-93%,1.20€,Fullbright,2022-11-22 22:48:40.205241
Strange Brigade Deluxe Edition,80€,-93%,5.65€,Rebellion,2022-11-22 22:48:41.314464
Serial Cleaner,15€,-93%,1.00€,Draw Distance,2022-11-22 22:48:42.392803
NeuroVoider,14€,-93%,1.00€,Flying Oak Games,2022-11-22 22:48:43.716316
John Wick Hex,17€,-93%,1.20€,Bithell Games,2022-11-22 22:48:45.550326
Treasure Hunter Simulator,14€,-93%,1.00€,DRAGO entertainment,2022-11-22 22:48:47.465034
Pathway,14€,-93%,1.00€,Robotality,2022-11-22 22:48:48.774868
God's Trigger - Europe,15€,-93%,1.00€,One More Level,2022-11-22 22:48:50.280429
Middle-earth: Shadow of Mordor,40€,-93%,2.99€,Monolith Productions,2022-11-22 22:48:51.686708
The Textorcist: The Story of Ray Bibbia,15€,-93%,1.00€,MorbidWare,2022-11-22 22:48:52.757230
Anarcute,15€,-93%,1.00€,Anarteam,2022-11-22 22:48:53.819631
TrackMania² Valley,20€,-93%,1.33€,Nadeo,2022-11-22 22:48:55.043327
Cities in Motion,20€,-93%,1.41€,Colossal Order Ltd.,2022-11-22 22:48:56.120476
Lego DC Super-Villains,40€,-93%,2.99€,TT GamesFeral Interactive (Mac),2022-11-22 22:48:57.355332
Shortest Trip to Earth,22€,-93%,1.45€,Interactive Fate,2022-11-22 22:48:58.527695
Sword Legacy Omen,18€,-93%,1.21€,Firecast StudioFableware Narrative Design,2022-11-22 22:49:08.453257
STRIDER,15€,-93%,1.00€,Double Helix GamesCapcom,2022-11-22 22:49:09.934980
Prodigy Tactics,20€,-93%,1.32€,Hanakai Studio,2022-11-22 22:49:11.299508
Mass Effect 2 Digital Deluxe Edition,30€,-93%,2.20€,BioWare,2022-11-22 22:49:12.800362
GRIP: Combat Racing,30€,-93%,1.99€,Caged Element Inc.,2022-11-22 22:49:18.714141
F.E.A.R Platinum Edition,55€,-93%,3.99€,"Monolith Productions, Inc.Timegate",2022-11-22 22:49:19.861414
Shadows: Awakening,30€,-93%,2.05€,Games Farm,2022-11-22 22:49:21.511348
Lego Los increíbles,40€,-93%,2.99€,TT GamesFeral Interactive (Mac),2022-11-22 22:49:22.629101
Arma 2: Operation Arrowhead,15€,-93%,1.00€,Bohemia Interactive,2022-11-22 22:49:24.251434
Anomaly 2,14€,-93%,1.00€,11 bit studios,2022-11-22 22:49:25.521990
Pure Farming 2018,20€,-93%,1.40€,Ice Flames,2022-11-22 22:49:27.667263
Gravel,30€,-93%,1.99€,Milestone S.r.l.,2022-11-22 22:49:29.035815
Strange Brigade,50€,-93%,3.42€,Rebellion,2022-11-22 22:49:30.228018
Crusader Kings II: The Old Gods - Europe,15€,-93%,1.01€,Paradox Development Studio,2022-11-22 22:49:31.189380
Empathy: Path of Whispers,20€,-93%,1.32€,Pixel Night,2022-11-22 22:49:32.167036
HELLDIVERS Dive Harder Edition,20€,-93%,1.36€,Arrowhead Game Studios,2022-11-22 22:49:33.543630
Oriental Empires,28€,-93%,1.99€,Shining Pixel Studios,2022-11-22 22:49:36.734943
Middle-Earth: Shadow of War - Europe,40€,-93%,2.69€,Monolith Productions,2022-11-22 22:49:37.973828
Lego Batman 2: DC Super Heroes,20€,-93%,1.46€,TT Games,2022-11-22 22:49:39.199874
Yesterday Origins,15€,-93%,1.00€,Pendulo Studios,2022-11-22 22:49:40.462931
Injustice 2,50€,-93%,3.73€,NetherRealm StudiosQLOC,2022-11-22 22:49:42.135749
Brothers: A Tale of Two Sons,15€,-93%,1.01€,Starbreeze Studios AB,2022-11-22 22:49:43.203273
Professional Farmer 2017,15€,-93%,1.06€,VIS-Games,2022-11-22 22:49:44.427919
Sniper Elite 4,60€,-93%,4.08€,Rebellion,2022-11-22 22:49:45.459282
TransOcean: The Shipping Company,20€,-93%,1.40€,Deck13 Hamburg,2022-11-22 22:49:47.056108
Warhammer: End Times - Vermintide Collector's Edition,40€,-93%,2.99€,Fatshark,2022-11-22 22:49:48.753921
The Whispered World Special Edition,20€,-93%,1.32€,Daedalic Entertainment,2022-11-22 22:49:49.979254
Tokyo Xanadu eX+,55€,-93%,3.93€,Nihon Falcom,2022-11-22 22:49:50.965415
Anna's Quest,20€,-93%,1.32€,Daedalic Entertainment,2022-11-22 22:49:51.857704
Mr. Shifty,15€,-93%,1.02€,Team Shifty,2022-11-22 22:49:53.215507
Adom (Ancient Domains Of Mystery),15€,-93%,1.00€,Thomas BiskupJochen TerstiegeZeno RogueKrzysztof DychaLucas Dieguez,2022-11-22 22:49:54.362362
Get Even, 30€,-92%,2.49€,The Farm 51,2022-11-22 22:49:55.430716
Battlefield 3: Armored Kill,15€,-92%,1.15€,DICE,2022-11-22 22:49:56.556811
Midnight Protocol,15€,-92%,1.20€,LuGus Studios,2022-11-22 22:49:58.009575
Dying Light: The Following,20€,-92%,1.55€,Techland,2022-11-22 22:49:59.415607
All Guns on Deck,12€,-92%,1.00€,Decaying Logic,2022-11-22 22:50:01.000500
Black Book,25€,-92%,1.99€,Morteshka,2022-11-22 22:50:02.287883
Overpass,30€,-92%,2.30€,Zordix Racing,2022-11-22 22:50:03.417101
Black Future '88,20€,-92%,1.60€,SUPERSCARYSNAKES,2022-11-22 22:50:05.341549
Gamedec,30€,-92%,2.37€,Anshar Studios,2022-11-22 22:50:07.168484
In Other Waters,12€,-92%,1.00€,Jump Over The Age,2022-11-22 22:50:08.743058
Say No! More,15€,-92%,1.25€,Studio Fizbin,2022-11-22 22:50:10.308725
Lawn Mowing Simulator - Europe,20€,-92%,1.64€,Skyhook Games ,2022-11-22 22:50:11.583524
One Piece World Seeker Deluxe Edition,75€,-92%,6.26€,"GANBARION Co., Ltd.",2022-11-22 22:50:12.601847
Morkredd,17€,-92%,1.29€,Hyper Games,2022-11-22 22:50:13.937280
TOHU,13€,-92%,1.10€,Fireart Games,2022-11-22 22:50:15.221931
Help Will Come Tomorrow,20€,-92%,1.50€,Arclight Creations,2022-11-22 22:50:17.190992
Office 2019 Home and Business PC (1 usuario),299€,-92%,24.99€,Microsoft,2022-11-22 22:50:17.928231
Out of Reach: Treasure Royale,12€,-92%,1.00€,Space Boat Studios,2022-11-22 22:50:19.663787
Broken Age,12€,-92%,1.01€,Double Fine Productions,2022-11-22 22:50:21.017833
MotoGP 15,15€,-92%,1.26€,Milestone S.r.l.,2022-11-22 22:50:22.486052
Worlds of Magic,21€,-92%,1.75€,Wastelands Interactive,2022-11-22 22:50:23.622437
Superhot: Mind Control Delete,25€,-92%,1.99€,SUPERHOT Team,2022-11-22 22:50:24.537543
The Walking Dead: The Final Season,24€,-92%,1.81€,Telltale Games,2022-11-22 22:50:25.510510
"Warhammer 40,000: Sanctus Reach",28€,-92%,2.29€,Straylight Entertainment,2022-11-22 22:50:26.981205
WWE 2K Battlegrounds - Europe,40€,-92%,3.10€,Saber Interactive,2022-11-22 22:50:28.170618
Warhammer 40.000: Dawn of War II Grand Master Collection,70€ ,-92%,5.38€,Relic EntertainmentFeral Interactive (Mac/Linux),2022-11-22 22:50:29.295314
Ride,20€,-92%,1.61€,Milestone S.r.l.,2022-11-22 22:50:30.453260
Star Wars: Squadrons,40€,-92%,3.32€,MOTIVE,2022-11-22 22:50:31.708174
Bartlow's Dread Machine,12€,-92%,1.00€,"Beep Games, Inc.Tribetoy",2022-11-22 22:50:32.927008
Just Cause 4 Complete Edition,69€,-92%,5.30€,Avalanche Studios,2022-11-22 22:50:34.065542
Vampire: The Masquerade - Coteries of New York,20€,-92%,1.69€,Draw Distance,2022-11-22 22:50:35.332495
EarthNight,12€,-92%,1.00€,Cleaversoft,2022-11-22 22:50:36.520473
Garfield Kart : Furious Racing,15€,-92%,1.20€,Artefacts Studio,2022-11-22 22:50:37.667008
Dragon Ball Xenoverse,40€,-92%,3.27€,DIMPS,2022-11-22 22:50:39.015906
Bridge! 3,13€,-92%,1.00€,SilentFuture,2022-11-22 22:50:40.341658
Aarklash: Legacy,13€,-92%,1.00€,Cyanide Studio,2022-11-22 22:50:41.432409
Fantasy General II,34€,-92%,2.55€,Owned by Gravity,2022-11-22 22:50:42.685867
Into the Stars Deluxe Edition - Europe,28€,-92%,2.19€,Fugitive Games,2022-11-22 22:50:43.800772
She Remembered Caterpillars,12€,-92%,1.01€,jumpsuit entertainment UG (haftungsbeschränkt),2022-11-22 22:50:45.171658
Shadowrun Returns Deluxe,23€,-92%,1.89€,Harebrained Schemes,2022-11-22 22:50:47.226428
Desolate,25€,-92%,1.99€,Nearga,2022-11-22 22:50:48.581583
Killing Floor 2,28€,-92%,2.24€,Tripwire Interactive,2022-11-22 22:50:53.587779
Crusader Kings II: Dynasty Starter Pack,39€,-92%,3.05€,Paradox Development Studio,2022-11-22 22:50:55.243162
Silence,20€,-92%,1.66€,Daedalic Entertainment,2022-11-22 22:50:56.177393
VoidExpanse,15€,-92%,1.21€,AtomicTorch Studio,2022-11-22 22:50:57.015267
VoidExpanse,15€,-92%,1.21€,AtomicTorch Studio,2022-11-22 22:51:01.083475
Torchlight,15€,-92%,1.20€,Runic Games,2022-11-22 22:51:02.456612
The Little Acre,13€,-92%,1.00€,Pewter Games Studios,2022-11-22 22:51:04.447068
StarDrive 2,28€,-92%,2.10€, Zero Sum Games,2022-11-22 22:51:05.950536
Magicka 2,15€,-92%,1.21€,Pieces Interactive,2022-11-22 22:51:07.559452
Neo Cab,12€,-92%,1.00€,Chance Agency,2022-11-22 22:51:09.808369
Champions of Anteria - Europe,30€,-92%,2.37€,Blue Byte,2022-11-22 22:51:11.277601
American Fugitive,20€,-92%,1.69€,Fallen Tree Games Ltd,2022-11-22 22:51:13.132672
Sacred 3,15€,-92%,1.20€,Keen Games,2022-11-22 22:51:14.541967
911 Operator,15€,-92%,1.14€,Jutsu Games,2022-11-22 22:51:17.361271
Max Payne 3: Rockstar Pass,15€,-92%,1.25€,Rockstar Studios,2022-11-22 22:51:19.000778
Gas Guzzlers Extreme - Europe,23€,-92%,1.76€,Gamepires,2022-11-22 22:51:20.441245
Snake Pass,20€,-92%,1.55€,Sumo Digital,2022-11-22 22:51:21.578686
Eternity: The Last Unicorn,20€,-92%,1.56€,Void Studios,2022-11-22 22:51:24.073561
Bannermen,30€,-92%,2.54€,Pathos Interactive,2022-11-22 22:51:25.420717
Red Faction Armageddon,20€,-92%,1.50€,Volition,2022-11-22 22:51:26.939709
BattleTech Digital Deluxe Edition,50€,-92%,3.99€,Harebrained Schemes,2022-11-22 22:51:28.127481
Barrow Hill: The Dark Path,15€,-92%,1.26€,Shadow Tor Studios,2022-11-22 22:51:29.390551
Wargroove,17€,-92%,1.32€,Chucklefish,2022-11-22 22:51:31.424662
Mass Effect 2,20€,-92%,1.50€,BioWare,2022-11-22 22:51:32.985765
Borderlands 2: Season Pass - Europe,30€,-92%,2.49€,Gearbox SoftwareAspyr (Mac)Aspyr (Linux),2022-11-22 22:51:34.391240
"Warhammer 40,000: Mechanicus",30€,-92%,2.39€,Bulwark Studios,2022-11-22 22:51:36.968882
Borderlands 2 GOTY - Europe,45€,-92%,3.49€,Gearbox Software,2022-11-22 22:51:38.592675
Jagged Alliance: Rage!,20€,-92%,1.59€,Cliffhanger Productions,2022-11-22 22:51:40.065486
The Flame in the Flood,15€,-92%,1.22€,The Molasses Flood,2022-11-22 22:51:41.284441
Super Time Force Ultra,12€,-92%,1.00€,Capybara Games,2022-11-22 22:51:42.307648
RPG Maker VX Ace,65€,-92%,5.33€,Gotcha Gotcha GamesKADOKAWAYoji Ojima,2022-11-22 22:51:43.590835
Leisure Suit Larry: Wet Dreams Don't Dry,30€,-92%,2.50€,CrazyBunch,2022-11-22 22:51:44.729784
Nex Machina,20€,-92%,1.59€,Housemarque,2022-11-22 22:51:46.224701
In Between,12€,-92%,1.00€,Gentlymad,2022-11-22 22:51:47.284551
Regions Of Ruin,12€,-92%,1.00€,Gameclaw Studio,2022-11-22 22:51:48.667636
AER – Memories of Old,15€ ,-92%,1.26€,Forgotten Key,2022-11-22 22:51:49.779596
Observer_,28€,-92%,2.10€,Bloober Team SA,2022-11-22 22:51:50.735878
Handball 16,40€,-92%,3.05€,Eko Software,2022-11-22 22:51:51.757395
Dragon Ball FighterZ,60€,-92%,4.59€,Arc System Works,2022-11-22 22:51:53.053576
Baja: Edge of Control HD,30€,-92%,2.50€,2XL GamesBlitworks,2022-11-22 22:51:54.143963
World to the West,15€,-92%,1.16€,Rain Games,2022-11-22 22:51:55.488691
Warlock: Master of the Arcane,24€,-92%,1.99€,Ino-Co Plus,2022-11-22 22:51:56.514264
Hue,15€,-92%,1.22€,Fiddlesticks Games,2022-11-22 22:51:57.490298
MotoGP 17,20€,-92%,1.64€,Milestone S.r.l.,2022-11-22 22:51:58.662654
Railway Empire,30€,-92%,2.32€,Gaming Minds Studios,2022-11-22 22:52:00.207937
2Dark,25€,-92%,1.90€,Gloomywood,2022-11-22 22:52:01.410572
Husk,18€,-92%,1.36€,UndeadScout,2022-11-22 22:52:04.362551
Crysis 2 Maximum Edition,30€,-92%,2.26€,Crytek Studios,2022-11-22 22:52:06.160499
Carnival Games VR,20€,-92%,1.50€,Cat Daddy Games,2022-11-22 22:52:07.362802
Project Highrise,20€,-92%,1.56€,SomaSim,2022-11-22 22:52:08.471242
Giana Sisters: Twisted Dreams,15€,-92%,1.20€,Black Forest Games,2022-11-22 22:52:09.577954
Warhammer 40.000: Dawn of War II - Retribution,30€,-92%,2.30€,Relic EntertainmentFeral Interactive (Mac/Linux),2022-11-22 22:52:10.670319
Tales of Berseria,50€,-92%,4.09€,BANDAI NAMCO Studios Inc.,2022-11-22 22:52:12.189596
Deponia Doomsday,20€,-92%,1.69€,Daedalic Entertainment,2022-11-22 22:52:13.460420
Agatha Christie - The ABC Murders,15€,-92%,1.20€,Artefacts StudioTower Five,2022-11-22 22:52:14.752841
Syberia 2,13€,-92%,1.00€,Microids,2022-11-22 22:52:16.166575
Lego Batman 3: Beyond Gotham Premium Edition,45€,-92%,3.41€,TT Games Ltd,2022-11-22 22:52:17.524090
Syberia,13€,-92%,1.00€,Microids,2022-11-22 22:52:18.728181
Vector Thrust,23€,-92%,1.95€,TimeSymmetry,2022-11-22 22:52:20.091524
Los Sims 3: Salto a la fama,20€,-92%,1.60€,The Sims Studio,2022-11-22 22:52:21.366281
Tekken 7 - Definitive Edition,110€,-92%,9.19€,BANDAI NAMCO Studios Inc.,2022-11-22 22:52:38.268255
A Case of Distrust,15€,-92%,1.26€,The Wandering Ben ,2022-11-22 22:52:39.525600
I Am Fish,20€,-91%,1.72€,Bossa Studios,2022-11-22 22:52:41.092102
Prison Architect,25€,-91%,2.15€,Double ElevenIntroversion Software,2022-11-22 22:52:42.345491
Drift21,30€,-91%,2.79€,ECC GAMES S.A.,2022-11-22 22:52:47.897548
Knights of Pen and Paper 2 - Deluxiest Edition,15€,-91%,1.37€,Kyy Games,2022-11-22 22:52:49.036254
Project Cars 2,60€,-91%,5.28€,Slightly Mad Studios,2022-11-22 22:52:50.464384
Anno 2205 - Europe,40€,-91%,3.79€,Blue Byte,2022-11-22 22:52:51.535477
Turnip Boy Commits Tax Evasion,12€,-91%,1.14€,Snoozy Kazoo,2022-11-22 22:52:52.700389
Tales of Zestiria,50€,-91%,4.59€,BANDAI NAMCO Studio Inc.,2022-11-22 22:52:53.765638
Stubbs the Zombie in Rebel Without a Pulse,17€,-91%,1.59€,Aspyr,2022-11-22 22:52:55.332789
Lego Marvel Super Heroes 2 Deluxe Edition,45€,-91%,3.84€,TT GamesFeral Interactive (Mac),2022-11-22 22:52:56.451342
Call of the Sea,20€,-91%,1.88€,Out of the Blue,2022-11-22 22:52:58.199399
Carto,20€,-91%,1.88€,Sunhead Games,2022-11-22 22:52:59.525957
The Battle of Polytopia,12€,-91%,1.13€,Midjiwan AB,2022-11-22 22:53:00.587527
Crown Trick,20€,-91%,1.79€,NEXT Studios,2022-11-22 22:53:02.702572
Battlefield: Hardline Premium,50€,-91%,4.36€,DICE,2022-11-22 22:53:03.980380
Leisure Suit Larry - Wet Dreams Dry Twice,35€ ,-91%,3.20€,CrazyBunch,2022-11-22 22:53:05.044313
Unreal 2: The Awakening,15€,-91%,1.28€,"Epic Games, Inc.",2022-11-22 22:53:05.737225
Maid of Sker,25€,-91%,2.22€,Wales Interactive,2022-11-22 22:53:06.960265
Sniper: Ghost Warrior 3 Season Pass Edition,30€,-91%,2.66€,CI Games,2022-11-22 22:53:08.402706
Rock of Ages 3: Make & Break,30€,-91%,2.60€,ACE TeamGiant Monkey Robot,2022-11-22 22:53:10.018651
Lightmatter,17€,-91%,1.49€,Tunnel Vision Games,2022-11-22 22:53:11.126105
"Yes, Your Grace",17€,-91%,1.50€,Brave At Night,2022-11-22 22:53:12.398435
Alien: Isolation: Season Pass,20€,-91%,1.82€,CREATIVE ASSEMBLYFeral Interactive (Mac)Feral Interactive (Linux),2022-11-22 22:53:13.415909
WRATH: Aeon of Ruin,21€,-91%,1.99€,KillPixel,2022-11-22 22:53:15.077749
Valfaris,21€,-91%,1.99€,Steel Mantis,2022-11-22 22:53:16.736572
Surviving The Aftermath,30€,-91%,2.82€,Iceflake Studios,2022-11-22 22:53:18.363910
Monkey King: Hero is Back,35€,-91%,2.99€,"HEXADRIVE Inc.D4 Enterprise Co., Ltd.",2022-11-22 22:53:19.540866
We Happy Few Digital Deluxe,92€,-91%,7.98€,Compulsion Games,2022-11-22 22:53:20.781801
The Dungeon Of Naheulbeuk: The Amulet Of Chaos,35€,-91%,3.10€,Artefacts Studio,2022-11-22 22:53:22.349916
X3: Terran Conflict,16€,-91%,1.51€,Egosoft,2022-11-22 22:53:23.432154
Borderlands: The Pre-Sequel - Europe,40€,-91%,3.59€,2K AustraliaGearbox SoftwareAspyr (Linux),2022-11-22 22:53:24.548968
Röki,22€,-91%,1.99€,Polygon Treehouse,2022-11-22 22:53:26.480332
Railroad Corporation,30€,-91%,2.69€,Corbie Games,2022-11-22 22:53:27.920989
Ghost of a Tale,23€,-91%,2.09€,SeithCG,2022-11-22 22:53:28.981495
BattleTech: Urban Warfare,20€,-91%,1.77€,Harebrained Schemes,2022-11-22 22:53:30.279862
Luna Sky,11€,-91%,1.00€,Vovoid Media Technologies AB,2022-11-22 22:53:31.509491
Rise of Industry,30€,-91%,2.69€,Dapper Penguin Studios,2022-11-22 22:53:33.383076
Project Cars 2 Deluxe Edition,90€,-91%,8.37€,Slightly Mad Studios,2022-11-22 22:53:34.436182
Blackbay Asylum,20€,-91%,1.85€,TAD Productions AB,2022-11-22 22:53:35.476669
BattleTech Digital Deluxe Content,13€,-91%,1.13€,Harebrained Schemes,2022-11-22 22:53:36.731505
Atari Vault,17€,-91%,1.50€,Code Mystics,2022-11-22 22:53:37.849879
When Ski Lifts Go Wrong,15€,-91%,1.36€,Hugecalf Studios,2022-11-22 22:53:39.038070
The Lego Movie 2 Videogame,30€,-91%,2.62€,TT GamesFeral Interactive (Mac),2022-11-22 22:53:40.153442
One Piece World Seeker,50€,-91%,4.39€,"GANBARION Co., Ltd.",2022-11-22 22:53:41.489777
The Shapeshifting Detective,11€,-91%,1.00€,D'Avekki Studios LtdWales Interactive,2022-11-22 22:53:42.817513
"Warhammer 40,000: Mechanicus Omnissiah Edition",35€,-91%,2.99€,Bulwark Studios,2022-11-22 22:53:43.844987
11-11 Memories Retold,25€,-91%,2.20€,Aardman AnimationsDigixart,2022-11-22 22:53:45.152027
Yoku's Island Express,20€,-91%,1.79€,Villa Gorilla,2022-11-22 22:53:47.235046
Phantom Doctrine,40€,-91%,3.66€,CreativeForge Games,2022-11-22 22:53:49.469272
Jagged Alliance: Back in Action - Europe,20€,-91%,1.73€,Coreplay GmbHBigmoon Studios,2022-11-22 22:53:50.929825
Tesla Effect: A Tex Murphy Adventure,20€,-91%,1.83€,Big Finish Games,2022-11-22 22:53:52.696259
Red Faction Complete Collection,60€,-91%,5.32€,Volition,2022-11-22 22:53:54.436428
Pillars of Eternity: Definitive Edition,37€,-93%,2.65€,Obsidian Entertainment,2022-11-22 22:53:55.514385
Injustice 2 Legendary Edition,60€,-91%,5.66€,NetherRealm Studios,2022-11-22 22:53:57.136866
Imperator: Rome,40€,-91%,3.49€,Paradox Development Studio,2022-11-22 22:53:58.794789
Of Orcs And Men,15€,-91%,1.29€,Cyanide StudioSpiders,2022-11-22 22:54:00.424395
Xcom 2 Collection - Europe,92€,-91%,8.12€,Firaxis Games,2022-11-22 22:54:01.531928
Remothered: Tormented Fathers,20€,-91%,1.71€,Stormind Games,2022-11-22 22:54:02.523421
Pizza Connection 3,20€,-91%,1.73€,Gentlymad Studios,2022-11-22 22:54:04.037491
"Cook, Serve, Delicious! 2!!",13€,-91%,1.23€,Vertigo Gaming Inc.,2022-11-22 22:54:05.062462
War Tech Fighters,20€,-91%,1.85€,Drakkar Dev,2022-11-22 22:54:07.465170
Aurion: Legacy of the Kori-Odan,15€,-91%,1.36€,Kiro'o Games,2022-11-22 22:54:09.212535
Unbox,20€,-91%,1.85€,Prospect Games,2022-11-22 22:54:13.007520
Inner Chains,20€,-91%,1.70€,Telepaths Tree,2022-11-22 22:54:14.309329
Steel Division: Normandy 44,40€,-91%,3.40€,Eugen Systems,2022-11-22 22:54:15.418648
Lego City: Undercover,30€,-91%,2.62€,Traveller's Tales,2022-11-22 22:54:17.232578
Warhammer 40.000: Dawn of War II Master Collection,55€,-91%,4.90€,Relic EntertainmentFeral Interactive (Mac/Linux),2022-11-22 22:54:18.377054
Vikings: Wolves of Midgard,30€,-91%,2.59€,Games Farm,2022-11-22 22:54:19.573444
Road Redemption,17€,-91%,1.59€,"EQ-Games , Pixel Dash Studios",2022-11-22 22:54:20.936222
Hover: Revolt Of Gamers,20€,-91%,1.89€,Midgar StudioFusty Game,2022-11-22 22:54:22.508591
The Walking Dead: Season Two,15€,-91%,1.35€,Telltale Games,2022-11-22 22:54:23.780714
Sid Meier’s Civilization VI - Europe,60€,-91%,5.49€,Firaxis GamesAspyr (Mac)Aspyr (Linux),2022-11-22 22:54:25.099067
Watch Dogs 2 - Europe,60€,-91%,5.31€,Ubisoft,2022-11-22 22:54:26.262109
Asteroid Bounty Hunter,11€,-91%,1.00€,EGAMER,2022-11-22 22:54:27.534700
ATOM RPG Trudograd,11€,-91%,1.00€,AtomTeam,2022-11-22 22:54:28.677702
Upside Down,11€,-91%,1.00€,EGAMER,2022-11-22 22:54:29.776170
ShipLord,11€,-91%,1.01€,EGAMER,2022-11-22 22:54:31.085941
112 Operator,21€,-91%,1.90€,Jutsu Games,2022-11-22 22:54:32.427496
If Found...,11€,-91%,1.00€,DREAMFEEL,2022-11-22 22:54:34.325245
Blood Bowl: Chaos Edition,15€,-91%,1.32€,Cyanide Studios,2022-11-22 22:54:35.790560
Vagrant Hearts 2,10€,-90%,1.00€,Warfare Studios,2022-11-22 22:54:37.012183
Greak: Memories of Azur,20€,-90%,1.99€,Navegante Entertainment,2022-11-22 22:54:38.070326
Into the Stars - Europe,20€,-90%,1.99€,Fugitive Games,2022-11-22 22:54:39.287801
The Typing of the Dead: Overkill Collection,23€,-90%,2.30€,Modern Dream,2022-11-22 22:54:40.358331
Massive Chalice,20€,-90%,1.92€,Double Fine Productions,2022-11-22 22:54:41.544392
Mordheim: City of the Damned - Undead,10€,-90%,1.00€,Rogue Factor,2022-11-22 22:54:42.733021
Through the Woods,20€,-90%,1.99€,Antagonist,2022-11-22 22:54:44.982806
Bang Bang Racing,10€,-90%,1.00€,Digital Reality Software & Playbox,2022-11-22 22:54:46.041717
Double Cross,17€,-90%,1.69€,13AM Games,2022-11-22 22:54:47.501383
HELLDIVERS Digital Deluxe Edition,30€,-90%,2.86€,Arrowhead Game Studios,2022-11-22 22:54:48.904221
Endless Space 2,40€,-90%,4.09€,AMPLITUDE Studios,2022-11-22 22:54:51.007376
Crusader Kings Complete,10€,-90%,1.00€,Paradox Development Studio,2022-11-22 22:54:52.007571
Paradise Lost,12€,-90%,1.28€,PolyAmorous,2022-11-22 22:54:54.020694
Europa Universalis III: Chronicles,15€,-90%,1.49€,Paradox Development Studio,2022-11-22 22:54:55.175999
shapez.io,10€,-90%,1.00€,Tobias Springer,2022-11-22 22:54:56.543475
Middle-Earth: Shadow of War -The Desolation of Mordor,20€,-90%,2.00€,"Monolith Productions, Inc.",2022-11-22 22:54:57.934058
Lego DC Super-Villains Deluxe Edition,55€,-90%,5.72€,TT GamesFeral Interactive (Mac),2022-11-22 22:54:59.058122
The Walking Dead: The Telltale Definitive Series,50€,-90%,5.24€,Skybound Games,2022-11-22 22:55:00.154307
Cobra Kai: The Karate Kid Saga Continues,20€,-90%,1.93€,Flux Games,2022-11-22 22:55:01.223078
Shenmue III,30€,-90%,2.99€,YS Net,2022-11-22 22:55:02.684069
Age of Wonders III Collection - Europe,62€,-90%,5.99€,Triumph Studios,2022-11-22 22:55:04.174479
Beyond The Wire,30€,-90%,2.92€,Redstone Interactive,2022-11-22 22:55:06.007000
Cyber Hook,12€,-90%,1.19€,Blazing Stick,2022-11-22 22:55:07.407383
Partisans 1941,30€,-90%,2.99€,Alter Games,2022-11-22 22:55:09.183444
Ring of Pain,20€,-90%,1.99€,Simon BoxerTwice Different,2022-11-22 22:55:10.961569
Car Mechanic Simulator 2015,20€,-90%,1.90€,Red Dot Games,2022-11-22 22:55:12.066150
Civilization VI - Ethiopia Pack - Europe,60€,-90%,5.99€,Firaxis GamesAspyr (Mac)Aspyr (Linux),2022-11-22 22:55:14.717275
Unreal Deal Pack,37€,-90%,3.69€,"Epic Games, Inc.",2022-11-22 22:55:15.718438
Borderlands 2: Mr. Torgue’s Campaign of Carnage,10€,-90%,1.00€,Gearbox SoftwareAspyr (Mac)Aspyr (Linux),2022-11-22 22:55:17.147434
Borderlands 2: Mechromancer Pack,10€,-90%,1.00€,Gearbox SoftwareAspyr (Mac)Aspyr (Linux),2022-11-22 22:55:18.421393
The Sojourn,22€,-90%,2.12€,Shifting Tides,2022-11-22 22:55:19.598472
Pillars of Eternity: Hero Edition,28€,-90%,2.79€,Obsidian Entertainment,2022-11-22 22:55:20.633327
Endless Space - Collection,10€,-90%,1.00€,AMPLITUDE Studios,2022-11-22 22:55:21.695107
Sid Meier's Pirates!,10€,-90%,1.00€,Firaxis Games,2022-11-22 22:55:22.844382
Fury Unleashed,20€,-90%,1.99€, Awesome Games Studio,2022-11-22 22:55:25.429840
NASCAR Heat 4,12€,-90%,1.21€,Monster Games,2022-11-22 22:55:26.575055
This War of Mine,19€,-90%,1.89€,11 bit studios,2022-11-22 22:55:28.388423
Batman: Arkham Collection, 60€,-90%,6.08€,Rocksteady Studios,2022-11-22 22:55:29.485296
Hellpoint,30€,-90%,2.99€,Cradle Games,2022-11-22 22:55:31.420694
Iron Danger,20€,-90%,1.99€,Action Squad Studios,2022-11-22 22:55:32.827045
The Coma 2: Vicious Sisters,15€,-90%,1.56€,Devespresso Games,2022-11-22 22:55:34.057624
GemCraft - Frostborn Wrath,12€,-90%,1.11€,Game in a Bottle,2022-11-22 22:55:35.811186
Gauntlet,20€,-90%,1.99€,Arrowhead Game Studios,2022-11-22 22:55:39.720008
One Punch Man: A Hero Nobody Knows - Europe,50€,-90%,4.99€,"Spike Chunsoft Co., Ltd.",2022-11-22 22:55:41.099978
Monster Energy Supercross - The Official Videogame 3,30€,-90%,3.11€,Milestone S.r.l.,2022-11-22 22:55:42.287194
AVICII Invector,20€,-90%,1.99€,Hello There Games,2022-11-22 22:55:43.663167
Felix The Reaper,10€,-90%,1.00€,Kong Orange,2022-11-22 22:55:45.449322
Stygian: Reign of the Old Ones,20€,-90%,1.96€,Cultic Games,2022-11-22 22:55:49.291257
Industry Empire,10€,-90%,1.00€,Actalogic,2022-11-22 22:55:50.915352
Kill to Collect,10€,-90%,1.00€,Pieces Interactive,2022-11-22 22:55:52.789102
Contra: Rogue Corps,40€,-90%,3.99€,Konami Digital Entertainment,2022-11-22 22:55:53.965913
Think of the Children,10€,-90%,1.00€,Jammed Up Studios,2022-11-22 22:55:55.091166
Stellaris Galaxy Edition,40€,-90%,3.92€,Paradox Development Studio,2022-11-22 22:55:56.302770
Steel Rats,10€,-90%,1.00€,Tate Multimedia,2022-11-22 22:55:57.952212
Gothic 3,10€,-90%,1.00€,Piranha Bytes,2022-11-22 22:56:00.076006
Escape Goat 2,10€,-90%,1.00€,MagicalTimeBean,2022-11-22 22:56:01.177907
Naruto: Ultimate Ninja Storm Revolution,30€,-90%,3.09€,CyberConnect2 Co. Ltd.,2022-11-22 22:56:02.559821
Else Heart Break(),23€,-90%,2.33€,"Erik SvedängEl Huervo / Niklas ÅkerbladTobias SjögrenOscar ""Ratvader"" RydeliusJohannes Gotlén",2022-11-22 22:56:03.749070
Age of Wonders: Planetfall Premium Edition,50€,-90%,4.99€,Triumph Studios,2022-11-22 22:56:05.319388
Truberbrook / Trüberbrook,30€,-90%,2.90€,btf,2022-11-22 22:56:07.947864
X-Blades,10€,-90%,1.01€,Gaijin Entertainment,2022-11-22 22:56:11.236391
Vertiginous Golf,10€,-90%,1.00€,Kinelco & Lone Elk Creative,2022-11-22 22:56:13.447440
Trapped Dead Lockdown,10€,-90%,1.00€,Bigmoon Studios,2022-11-22 22:56:15.415917
MX vs ATV Supercross,20€,-90%,1.90€,Rainbow StudiosTHQ Nordic,2022-11-22 22:56:17.656897
River City Super Sports Challenge ~All Stars Special~,20€,-90%,2.00€,Arc System Works,2022-11-22 22:56:19.057682
Bear With Me - Collector's Edition,10€,-90%,1.00€,Exordium Games,2022-11-22 22:56:20.453316
Parvaneh: Legacy of the Light's Guardians,10€,-90%,1.00€,Bearded Bird Game Studio,2022-11-22 22:56:22.091730
BattleTech Season Pass,50€,-90%,4.99€,,2022-11-22 22:56:23.206258
FIA European Truck Racing Championship,30€,-90%,2.92€,N-RACING,2022-11-22 22:56:24.586701
Manual Samuel,10€,-90%,1.00€,Perfectly Paranormal,2022-11-22 22:56:25.906869
Rage 2 Deluxe Edition - Europe,60€,-90%,6.02€,id SoftwareAvalanche Studios,2022-11-22 22:56:28.152020
Sniper Elite V2 Remastered,35€,-90%,3.55€,Rebellion,2022-11-22 22:56:31.527062
Holy Potatoes! We're In Space?!,10€,-90%,1.00€,Daylight Studios,2022-11-22 22:56:41.467508
Ultra Street Fighter IV - Europe,28€,-90%,2.90€,Capcom,2022-11-22 22:58:14.732506
Hidden & Dangerous 2: Courage Under Fire,10€,-90%,1.00€,Illusion Softworks,2022-11-22 22:58:17.653501
Grotesque Tactics: Evil Heroes,10€,-90%,1.00€,Silent Dreams,2022-11-22 22:58:22.955469
Grotesque Tactics 2: Dungeons and Donuts,10€,-90%,1.00€,Silent Dreams,2022-11-22 22:58:26.672426
MotoGP 19,25€,-90%,2.53€,Milestone S.r.l.,2022-11-22 22:58:29.102713
Blood Bowl 2,20€,-90%,1.99€,Cyanide Studios,2022-11-22 22:58:32.957103
Civilization IV: Complete Edition,25€,-90%,3.50€,Firaxis Games,2022-11-22 22:58:35.219746
Battleplan American Civil War,10€,-90%,1.00€,The Mustard Corporation,2022-11-22 22:58:36.488829
Dead In Vinland,20€,-90%,1.99€,Ishtar Games,2022-11-22 22:58:37.939365
Ancient Space,20€,-90%,2.00€,CreativeForge Games,2022-11-22 22:58:39.140602
Alien Spidy,10€,-90%,1.00€,Enigma SP,2022-11-22 22:58:40.485065
Alien Breed 3: Descent,10€,-90%,1.00€,Team17 Digital Ltd,2022-11-22 22:58:41.742461
Mafia III: Sign of The Times,10€,-90%,1.00€,Hangar 13,2022-11-22 22:58:42.925565
X-Morph Defense,20€,-90%,1.97€,Exor Studios,2022-11-22 22:58:47.490197
Moon Hunters,12€,-90%,1.20€,Kitfox Games,2022-11-22 22:58:48.702280
Stars In Shadow,23€,-90%,2.32€,Ashdar Games,2022-11-22 22:59:36.006991
Staxel,20€,-90%,1.99€,Plukit,2022-11-22 22:59:37.484940
Supraland,20€,-90%,1.99€,Supra Games,2022-11-22 22:59:39.159105
My hero one's justice,60€,-90%,5.99€,Byking Inc.,2022-11-22 22:59:40.587974
Stories Untold,10€,-90%,1.01€,No Code,2022-11-22 22:59:41.706277
Sid Meier's Railroads!,10€,-90%,1.00€,Firaxis GamesFeral Interactive (Mac),2022-11-22 22:59:43.189489
Shadowrun Returns,15€,-90%,1.49€,Harebrained Schemes,2022-11-22 22:59:44.304661
Sengoku,10€,-90%,1.00€,Paradox Development Studio,2022-11-22 22:59:45.519398
Renoir,10€,-90%,1.00€,Black Wing Foundation,2022-11-22 22:59:46.703893
Planets Under Attack,10€,-90%,1.00€,Targem Games,2022-11-22 22:59:47.932603
Memoria,20€,-90%,1.93€,Daedalic Entertainment,2022-11-22 22:59:49.187500
Kingdom: New Lands,15€,-90%,1.49€,Noio,2022-11-22 22:59:50.399431
Holy Potatoes! A Weapon Shop?!,10€,-90%,1.00€,Daylight Studios,2022-11-22 22:59:51.930799
Earthlock,25€,-90%,2.59€,Snowcastle Games,2022-11-22 22:59:53.136381
Hitman 2,90€,-90%,8.92€,Io-Interactive A/S,2022-11-22 22:59:56.773293
Ride 3,40€,-90%,3.99€,Milestone S.r.l.,2022-11-22 22:59:57.955091
Deadfall Adventures,20€,-90%,2.08€,The Farm 51,2022-11-22 22:59:59.067694
Deployment,10€,-90%,1.00€,Whale Rock Games,2022-11-22 23:00:00.514217
Haimrik,10€,-90%,1.00€,Below the Game,2022-11-22 23:00:01.702592
Ancestors Legacy,30€,-90%,2.99€,Destructive Creations,2022-11-22 23:00:02.984782
The Darkness II,30€,-90%,2.99€,Digital Extremes,2022-11-22 23:00:04.222701
Burly Men at Sea,10€,-90%,1.00€,Brain&Brain,2022-11-22 23:00:05.550762
Fear Effect Sedna,20€,-90%,2.02€,Sushee,2022-11-22 23:00:06.729862
Crashlands,15€,-90%,1.50€,Butterscotch Shenanigans,2022-11-22 23:00:08.131058
Timelock VR,10€,-90%,1.00€,Whale Rock Games,2022-11-22 23:00:09.494534
We are the Dwarves,10€,-90%,1.00€,Whale Rock Games,2022-11-22 23:00:10.614538
The Bureau: XCOM Declassified,20€,-90%,1.99€,2K Marin,2022-11-22 23:00:11.738716
The LEGO NINJAGO Movie Video Game,30€,-90%,2.99€,Traveller's TalesTT Games,2022-11-22 23:00:12.913768
Sid Meier's Civilization V: Brave New World,30€,-90%,2.87€,Firaxis GamesAspyr (Mac)Aspyr (Linux),2022-11-22 23:00:14.648570
Raiden V Director’s Cut,25€,-90%,2.41€,"Moss Co., Ltd.",2022-11-22 23:00:15.880371
Underworld Ascendant,30€,-90%,3.14€,OtherSide Entertainment,2022-11-22 23:00:17.379782
State of Mind,20€,-90%,2.04€,Daedalic Entertainment,2022-11-22 23:00:18.602882
Darksiders II Deathinitive Edition, 30€,-90%,2.96€,Gunfire GamesVigil GamesTHQ Nordic,2022-11-22 23:00:19.758992
Tannenberg,20€,-90%,1.99€,M2HBlackmill Games,2022-11-22 23:00:23.210566
Crowntakers,10€,-90%,1.00€,Bulwark Studios,2022-11-22 23:00:24.576437
LEGO Marvel Super Heroes 2,30€,-90%,2.99€,TT GamesFeral Interactive (Mac),2022-11-22 23:00:26.066959
Ceres,20€,-90%,1.99€,Jötunn Games,2022-11-22 23:00:27.382943
Outcast: Second Contact,15€,-90%,1.49€,Appeal,2022-11-22 23:00:29.146622
Dungeons 3 - Europe,30€,-90%,2.99€,Realmforge Studios,2022-11-22 23:00:31.202116
Sniper Elite 4 Season Pass,35€,-90%,3.46€,Rebellion,2022-11-22 23:00:32.357041
MXGP3 - The Official Motocross Videogame,20€,-90%,2.00€,Milestone S.r.l.,2022-11-22 23:00:33.825739
Hob,20€,-90%,1.99€,Runic Games,2022-11-22 23:00:35.612807
MX vs ATV Reflex,20€,-90%,1.91€, Double Helix GamesRainbow StudiosTHQ Nordic,2022-11-22 23:00:36.759578
The LEGO Movie: Videogame,20€,-90%,1.99€,TT FusionTraveller's Tales,2022-11-22 23:00:38.050277
Killing Floor 2 Digital Deluxe Edition,37€,-90%,3.79€,Tripwire Interactive,2022-11-22 23:00:43.076788
Metal Gear Survive,40€,-90%,3.90€,Konami Digital Entertainment,2022-11-22 23:00:45.524176
Tropico 5 Complete Collection,39€,-90%,3.82€,Haemimont Games,2022-11-22 23:00:47.519805
Crazy Machines 3,10€,-90%,1.00€,Fakt Software,2022-11-22 23:00:49.127534
Sudden Strike 4,20€,-90%,1.90€,Kite Games,2022-11-22 23:00:50.919588
Darkest Dungeon,23€,-90%,2.22€,Red Hook Studios,2022-11-22 23:00:52.875941
Europa Universalis IV DLC Collection,40€,-90%,3.94€,Paradox Development StudioParadox Tinto,2022-11-22 23:00:54.523204
Bioshock: The Collection - Europe,60€,-90%,6.00€,2K Boston,2022-11-22 23:00:55.830034
Simcity,62€,-90%,5.92€,EA - MaxisAspyr (Mac),2022-11-22 23:00:57.190224
Battle Chasers: Nightwar,30€,-90%,2.99€,Airship Syndicate,2022-11-22 23:00:59.177443
WRC 6: World Rally Championship,15€,-90%,1.48€,KT Racing,2022-11-22 23:01:00.331994
Pillars of Eternity II: Deadfire - Europe,40€,-90%,3.99€,Obsidian Entertainment,2022-11-22 23:01:01.568161
Space Run Galaxy,10€,-90%,1.00€,Passtech Games,2022-11-22 23:01:02.822526
DMC Devil May Cry - Europe,30€,-90%,2.99€,Ninja Theory,2022-11-22 23:01:03.899590
Borderlands 2 - Europe,30€,-90%,2.95€,Gearbox SoftwareAspyr (Mac)Aspyr (Linux),2022-11-22 23:01:05.680835
Men of War: Assault Squad 2,25€,-90%,2.38€,Digitalmindsoft,2022-11-22 23:01:06.870590
The Walking Dead: Michonne - A Telltale Miniseries,15€,-90%,1.49€,Telltale Games,2022-11-22 23:01:08.089588
Tempest: Pirate Action RPG,12€,-90%,1.20€,Lion's Shade,2022-11-22 23:01:09.723703
Anomaly: Warzone Earth,10€,-90%,1.00€,11 bit studios,2022-11-22 23:01:11.029299
LEGO Star Wars: The Force Awakens,30€,-90%,2.86€,Traveller's TalesTT GamesFeral Interactive (Mac),2022-11-22 23:01:12.163975
Command & Conquer: Remastered Collection,20€,-90%,1.90€,PetroglyphLemon Sky Studios,2022-11-22 23:01:13.262393
Magicka,10€,-90%,1.00€,Arrowhead Game Studios,2022-11-22 23:01:14.634496
Two Worlds Epic Edition, 10€,-90%,1.00€,Reality Pump Studios,2022-11-22 23:01:16.215497
Conduct DELUXE!,10€,-90%,1.00€,Northplay,2022-11-22 23:01:20.157148
Los Sims 3: Diesel Accesorios,20€,-90%,1.99€,The Sims Studio,2022-11-22 23:01:23.838827
Worms Crazy Golf,10€,-90%,1.00€,Team17 Digital Ltd,2022-11-22 23:01:27.439481
Ragnarok Online: Starter Pack,10€,-90%,1.00€,Whybe Online,2022-11-22 23:01:30.814661
Hitman: Absolution,20€,-90%,1.99€,Io-Interactive A/S,2022-11-22 23:01:34.463515
Teleglitch: Die More Edition,13€,-90%,1.36€,Test3 Projects,2022-11-22 23:01:38.172655
Drawful 2,10€,-90%,1.00€,"Jackbox Games, Inc.",2022-11-22 23:01:39.887956
Batman: Arkham City GOTY,20€,-90%,1.99€,Rocksteady Studios,2022-11-22 23:01:44.067656
Train Valley,10€,-90%,1.00€,Alexey DavydovSergey DvoynikovTimofey Shargorodskiy,2022-11-22 23:01:45.494294
Swag and Sorcery,10€,-90%,1.00€,Lazy Bear GamesUroboros Games,2022-11-22 23:01:47.049249
The King's Bird,17€,-90%,1.74€,Serenity Forge,2022-11-22 23:01:48.313519
Dead in Bermuda,15€,-90%,1.55€,Ishtar Games,2022-11-22 23:01:49.505231
Rise of Industry: 2130,10€,-90%,1.00€,Dapper Penguin Studios,2022-11-22 23:01:50.912198
Wildfire,15€,-90%,1.56€,Sneaky Bastards,2022-11-22 23:01:52.250024
Ogre,23€,-90%,2.40€,Auroch Digital,2022-11-22 23:01:53.648825
Path to Mnemosyne,10€,-90%,1.00€,DevilishGames,2022-11-22 23:01:54.987978
Stellaris,40€,-89%,4.40€,Paradox Development Studio,2022-11-22 23:01:56.585712
Kholat, 18€,-89%,1.99€,IMGN.PRO,2022-11-22 23:01:57.974918
Kerbal Space Program,40€,-89%,4.32€,Squad,2022-11-22 23:01:59.260739
Pumped BMX +,10€,-89%,1.10€,Yeah Us!,2022-11-22 23:02:00.819894
Don't Escape: 4 Days to Survive,15€,-89%,1.61€,scriptwelder,2022-11-22 23:02:02.367691
Paw Paw Paw,9€,-89%,1.00€,Simpleton,2022-11-22 23:02:03.800978
Sid Meier's Civilization VI Anthology,210€,-89%,22.19€,Firaxis Games,2022-11-22 23:02:05.077641
Necromunda: Hired Gun,40€,-89%,4.29€,Streum On Studio,2022-11-22 23:02:06.480363
Surviving Mars: Space Race Plus,20€,-89%,2.18€,Haemimont Games,2022-11-22 23:02:07.761521
Binary Domain Collection,16€,-89%,1.74€,Devil's Details,2022-11-22 23:02:09.122423
Yu-Gi-Oh! Legacy of the Duelist,20€,-89%,2.12€,Other Ocean Interactive,2022-11-22 23:02:10.468408
Nickelodeon Kart Racers 2: Grand Prix,20€,-89%,2.20€,Bamtang Games,2022-11-22 23:02:11.741974
Marvel's Avengers Legacy Outfit Pack + Nameplate Key,9€,-89%,1.00€,Crystal DynamicsEidos-MontréalNixxes,2022-11-22 23:02:12.889712
Kill It With Fire,12€,-89%,1.37€,Casey Donnellan Games LLC,2022-11-22 23:02:14.917568
Monster Train,21€,-89%,2.38€,Shiny Shoe,2022-11-22 23:02:16.761861
Worms Reloaded,20€,-89%,2.25€,Team17 Digital Ltd,2022-11-22 23:02:18.032440
XCOM: Chimera Squad - Europe,20€,-89%,2.16€,Firaxis Games,2022-11-22 23:02:19.771239
Wavey The Rocket,9€,-89%,1.00€,UpperRoom Games Ltd,2022-11-22 23:02:21.599161
SoulCalibur VI Deluxe Edition,90€,-89%,9.86€,BANDAI NAMCO StudiosDimps Corporation,2022-11-22 23:02:23.361992
MotoGP 20,30€,-89%,3.33€,Milestone S.r.l.,2022-11-22 23:02:24.636038
Strange Brigade - Season Pass,35€,-89%,3.80€,Rebellion,2022-11-22 23:02:26.192617
Dragon Ball FighterZ Ultimate Edition,110€,-89%,12.22€,Arc System Works,2022-11-22 23:02:27.621749
Yu-Gi-Oh! Legacy of the Duelist: Link Evolution,40€,-89%,4.45€,Other Ocean Emeryville,2022-11-22 23:02:29.457477
Empire of Sin - Europe, 40€,-89%,4.49€,Romero Games,2022-11-22 23:02:30.797270
One Piece Pirate Warriors 4,50€,-89%,5.73€,Koei Tecmo,2022-11-22 23:02:32.298475
DreamWorks Dragons: Dawn of New Riders,30€,-89%,3.33€,Climax Studios Ltd.,2022-11-22 23:02:33.557489
Bleed 2,10€,-89%,1.14€,Ian Campbell,2022-11-22 23:02:34.754178
A Virus Named Tom,10€,-89%,1.11€,Misfits Attic,2022-11-22 23:02:36.282257
Deliver Us The Moon,25€,-89%,2.73€,KeokeN Interactive,2022-11-22 23:02:38.102513
Grimind,9€,-89%,1.00€,Paweł Mogiła,2022-11-22 23:02:39.218785
Train Sim World 2020,40€,-89%,4.47€,Dovetail Games,2022-11-22 23:02:41.980677
Rebel Cops,10€,-89%,1.10€,Weappy Studio,2022-11-22 23:02:43.663743
Code Vein Deluxe Edition,70€,-89%,7.39€,BANDAI NAMCO Studios,2022-11-22 23:02:45.192986
Guilty Gear X2 Reload,9€,-89%,1.00€,Arc System Works,2022-11-22 23:02:46.472164
UNDER NIGHT IN-BIRTH Exe:Late,28€,-89%,3.02€,FRENCH-BREAD,2022-11-22 23:02:47.612313
Torn VR,28€,-89%,3.02€,Aspyr,2022-11-22 23:02:49.308161
Eldest Souls,20€ ,-89%,2.25€,Fallen Flag Studio,2022-11-22 23:02:51.092616
Selfie : Sisters of the Amniotic Lens,9€,-89%,1.00€,Rail Slave Games,2022-11-22 23:02:52.343619
Medieval Kingdom Wars,17€,-89%,1.79€,Reverie World Studios,2022-11-22 23:02:54.050670
Homebrew Patent Unkown,12€,-89%,1.37€,Copybugpaste,2022-11-22 23:02:55.212623
Holy Avatar vs Maiden of The Dead,10€,-89%,1.14€,Silent Dreams,2022-11-22 23:02:56.499545
Sigma Theory: Global Cold War,18€,-89%,1.89€,Mi-Clos StudioGoblinz StudioFibreTigre,2022-11-22 23:02:58.052648
Yuppie Psycho,17€,-89%,1.88€,Baroque Decay,2022-11-22 23:02:59.278112
Tales of the Neon Sea,14€,-89%,1.49€,Palm Pioneer,2022-11-22 23:03:00.355800
Duke Nukem 3D: 20th Anniversary World Tour,20€,-89%,2.10€,"Nerve Software, Gearbox Software, LLC",2022-11-22 23:03:01.627228
Dark Fall: Lost Souls,13€,-89%,1.41€,Darkling Room,2022-11-22 23:03:03.089170
Alien: Rage unlimited,20€,-89%,2.29€,CI Games,2022-11-22 23:03:04.393040
BlazBlue: Chronophantasma Extend,28€,-89%,2.99€,Arc System Works,2022-11-22 23:03:05.456380
Age of Wonders II: The Wizard's Throne,9€,-89%,1.00€,Triumph Studios,2022-11-22 23:03:06.865889
Age of Wonders Shadow Magic,9€,-89%,1.00€,Triumph Studios,2022-11-22 23:03:08.068564
Hard Reset Redux,20€,-89%,2.20€,Flying Wild Hog,2022-11-22 23:03:09.400198
Orwell: Ignorance is Strength,10€,-89%,1.10€,Osmotic Studios,2022-11-22 23:03:13.146512
Amnesia Collection,25€,-89%,2.70€,Frictional Games,2022-11-22 23:03:14.505846
Void Bastards,30€,-89%,3.29€,Blue Manchu,2022-11-22 23:03:16.141757
Override: Mech City Brawl,20€,-89%,2.25€,The Balance Inc,2022-11-22 23:03:17.279354
Sid Meier's Civilization VI: Gathering Storm,40€,-89%,4.25€,Firaxis GamesAspyr (Mac)Aspyr (Linux),2022-11-22 23:03:18.688692
Sid Meier's Civilization VI Digital Deluxe Edition - Europe,60€,-89%,6.50€,Firaxis GamesAspyr (Mac)Aspyr (Linux),2022-11-22 23:03:22.170696
DiRT 3 Complete Edition,20€,-89%,2.18€,Codemasters,2022-11-22 23:03:23.439879
Naruto to Boruto: Shinobi Striker Deluxe Edition - Europe,80€,-89%,8.99€,Soleil Ltd.,2022-11-22 23:03:27.889649
Office Professional Plus 2019 PC (1 User),200€,-89%,21.49€,Microsoft,2022-11-22 23:03:29.593295
Afghanistan '11,28€,-89%,2.99€,Every Single SoldierRetro Epic,2022-11-22 23:03:30.989064
Black Clover: Quartet Knights,50€,-89%,5.49€,"ILINX, Inc.",2022-11-22 23:03:32.560751
Middle-earth: Shadow of War Definitive Edition,50€,-89%,5.50€,Monolith Productions,2022-11-22 23:03:33.768513
A Game of Dwarves,10€,-89%,1.13€,Zeal Game Studio,2022-11-22 23:03:35.117361
Pride of Nations,20€,-89%,2.18€,Ageod,2022-11-22 23:03:36.584205
Batman: Arkham Origins Blackgate Deluxe Edition,20€,-89%,2.23€,Armature Studio,2022-11-22 23:03:37.974710
Hitman GOTY Edition,58€,-89%,6.19€,,2022-11-22 23:03:39.334573
Samorost 3,20€,-89%,2.25€,Amanita Design,2022-11-22 23:03:41.077632
XCOM: Enemy Within - Europe,25€,-89%,2.71€,Firaxis GamesFeral Interactive (Linux),2022-11-22 23:03:42.657547
F.E.A.R. 3,20€,-89%,2.15€,Day 1 Studios,2022-11-22 23:03:44.231883
Deponia,10€,-89%,1.09€,Daedalic Entertainment,2022-11-22 23:03:46.707176
Extinction,30€,-89%,3.33€,Iron Galaxy,2022-11-22 23:03:47.975320
Mortal Kombat XL,40€,-89%,4.46€,NetherRealm StudiosQLOC,2022-11-22 23:03:49.538504
TT Isle Of Man – Ride on the Edge,20€,-89%,2.10€,KT Racing,2022-11-22 23:03:51.395057
Tyranny - Bastard's Wound,15€,-89%,1.60€,Obsidian Entertainment,2022-11-22 23:03:52.727906
Expeditions: Viking,30€,-89%,3.20€,Logic Artists,2022-11-22 23:03:53.893122
Resident Evil: Revelations - Europe,30€,-89%,3.29€,Capcom,2022-11-22 23:03:55.184115
How to Survive 2,15€,-89%,1.69€,Eko Software,2022-11-22 23:03:56.462232
Bulletstorm Full Clip Edition,37€,-89%,3.90€,People Can Fly,2022-11-22 23:03:57.970548
Transport Fever,30€,-89%,3.30€,Urban Games,2022-11-22 23:03:59.420281
Dishonored Definitive Edition - Europe,20€ ,-89%,2.28€, Arkane Studios,2022-11-22 23:04:00.951517
The Walking Dead: Season 3 - A New Frontier,15€,-89%,1.65€,Telltale Games,2022-11-22 23:04:03.016378
Total War: Shogun 2 Collection,50€,-89%,5.62€,CREATIVE ASSEMBLYFeral Interactive (Mac)Feral Interactive (Linux),2022-11-22 23:04:04.620405
Postal Redux,9€,-89%,1.00€,Running With Scissors,2022-11-22 23:04:06.912153
Offworld Trading Company,36€,-89%,3.93€,Mohawk Games,2022-11-22 23:04:09.049496
Tyranny,30€,-89%,3.20€,Obsidian Entertainment,2022-11-22 23:04:48.835408
Warhammer 40.000: Dawn of War Master Collection,39€,-89%,4.29€,Relic Entertainment,2022-11-22 23:04:50.422955
Pillars of Eternity: The White March Part II,15€,-89%,1.58€,Obsidian Entertainment,2022-11-22 23:04:52.357353
Wurm Unlimited - Europe,28€,-89%,3.10€,Code Club AB,2022-11-22 23:05:25.138920
Coin Crypt,10€,-89%,1.08€,Greg Lobanov,2022-11-22 23:05:31.165818
Far Cry Primal,50€,-89%,5.33€,Ubisoft,2022-11-22 23:05:36.206826
The Book of Unwritten Tales 2,30€,-89%,3.32€,KING Art,2022-11-22 23:05:54.825084
Legion TD 2 - Multiplayer Tower Defense,20€,-88%,2.39€,AutoAttack Games,2022-11-22 23:06:22.553177
Legends of Eisenwald,20€,-88%,2.49€,Aterdux Entertainment,2022-11-22 23:06:23.773050
Edna & Harvey: The Breakout,15€,-88%,1.86€,Daedalic Entertainment,2022-11-22 23:06:36.275880
Levelhead,17€,-88%,1.99€,Butterscotch Shenanigans,2022-11-22 23:06:37.704163
Family Man,16€,-88%,1.99€,Broken Bear Games,2022-11-22 23:06:39.247612
Metamorphosis,21€,-88%,2.61€,Ovid Works,2022-11-22 23:06:40.796658
Industry Giant,10€,-88%,1.20€,QLOC,2022-11-22 23:06:42.667063
MotoGP 21,40€,-88%,4.99€,Milestone S.r.l.,2022-11-22 23:06:48.550957
Maneater,34€,-88%,3.94€,Tripwire Interactive,2022-11-22 23:06:50.819732
Train Fever,20€,-88%,2.41€,Urban Games,2022-11-22 23:06:53.982670
Blue Fire,17€,-88%,1.99€,Robi Studios,2022-11-22 23:07:35.402369
Timelie,15€,-88%,1.74€,Urnique Studio,2022-11-22 23:07:38.767441
Lemnis Gate,17€,-88%,1.99€,Ratloop Games Canada,2022-11-22 23:08:16.011410
Life is Feudal: Your Own,20€,-88%,2.45€,Bitbox Ltd.,2022-11-22 23:08:17.476052
Chronos: Before the Ashes,30€,-88%,3.50€,Gunfire GamesTHQ Nordic,2022-11-22 23:08:19.932260
Horace,15€,-88%,1.74€,Paul HelmanSean Scaplehorn,2022-11-22 23:08:22.143121
Space Crew: Legendary Edition,25€,-88%,2.91€,Runner Duck,2022-11-22 23:08:23.413465
Captain Tsubasa: Rise of New Champions - Deluxe Edition,70€,-88%,8.11€,TAMSOFT CORPORATION,2022-11-22 23:08:37.031404
Lego Lord of the Rings,20€,-88%,2.38€,Traveller's Tales,2022-11-22 23:08:39.130282
Lords of the Fallen Game of the Year Edition,30€,-88%,3.55€,CI GamesDeck 13,2022-11-22 23:08:42.224226
Lego Jurassic World,20€,-88%,2.41€,TT Games Ltd,2022-11-22 23:08:44.046250
Lego Marvel’s Avengers,30€,-88%,3.59€,Traveller's TalesTT GamesFeral Interactive (Mac),2022-11-22 23:08:45.522831
The Deadly Tower of Monsters,15€,-88%,1.76€,ACE Team,2022-11-22 23:08:46.689226
Sphinx and the Cursed Mummy,15€,-88%,1.79€,EurocomTHQ Nordic,2022-11-22 23:08:48.056823
Just Cause 4 Gold Edition,60€,-88%,7.34€,Avalanche Studios,2022-11-22 23:08:49.349709
Amnesia: Rebirth,25€,-88%,2.99€,Frictional Games,2022-11-22 23:08:51.501821
A-Tech Cybernetic VR,12€,-88%,1.50€,XREAL Games,2022-11-22 23:08:52.649116
One Punch Man: A Hero Nobody Knows - Deluxe Edition - Europe,65€,-88%,7.99€,"Spike Chunsoft Co., Ltd.",2022-11-22 23:08:54.610817
Naruto Shippuden: Ultimate Ninja Storm Trilogy,60€,-88%,7.13€,CyberConnect2 Co. Ltd.,2022-11-22 23:08:56.093258
Due Process,13€,-88%,1.61€,Giant Enemy Crab,2022-11-22 23:08:59.610696
Metal Gear Solid V: Ground Zeroes,20€,-88%,2.34€,Konami Digital Entertainment,2022-11-22 23:09:00.836264
AO Tennis 2,50€,-88%,6.00€,Big Ant Studios,2022-11-22 23:09:02.125395
Dragon Star Varnir,34€,-88%,4.22€,Idea FactoryCompile Heart,2022-11-22 23:09:03.899001
Disney The Princess and the Frog,17€,-88%,1.97€,Griptonite Games,2022-11-22 23:09:05.334322
Mothergunship,25€,-88%,2.99€,Grip DigitalTerrible Posture Games,2022-11-22 23:09:07.115645
Almost There,8€,-88%,1.00€,Bony Yousuf,2022-11-22 23:09:08.057097
Victory at Sea,22€,-88%,2.54€,Evil Twin Artworks,2022-11-22 23:09:09.199911
Cities: Skylines,28€,-88%,3.45€,Colossal Order Ltd.,2022-11-22 23:09:10.791602
Arma X: Anniversary Edition - Europe,40€,-88%,4.65€,Bohemia Interactive,2022-11-22 23:09:12.622931
The Lost Crown,10€,-88%,1.21€,Darkling Room,2022-11-22 23:09:13.681805
Silent Hill Homecoming,20€,-88%,2.49€,Double Helix Games,2022-11-22 23:09:14.861125
Shelter,15€,-88%,1.80€,Might and Delight,2022-11-22 23:09:16.310287
Raw Data (VR),37€,-88%,4.33€,Survios,2022-11-22 23:09:17.897000
Black Clover: Quartet Knights Deluxe Edition,65€,-88%,7.99€,"ILINX, Inc.",2022-11-22 23:09:19.168236
Forager,20€,-88%,2.38€,HopFrog,2022-11-22 23:09:20.828206
Ni No Kuni II: Revenant Kingdom Prince's Edition,80€,-88%,9.62€,Level-5,2022-11-22 23:09:22.020599
XCOM: Enemy Unknown Complete Pack - Europe,30€,-88%,3.60€,Firaxis GamesFeral Interactive (Linux),2022-11-22 23:09:23.147422
Guts and Glory,12€,-88%,1.50€,HakJak,2022-11-22 23:09:25.174503
Freaking Meatbags,10€,-88%,1.20€,Wild Factor,2022-11-22 23:09:26.397340
ATV Drift and Tricks,15€,-88%,1.82€,Artefacts Studio,2022-11-22 23:09:27.886582
Enemy Front - Europe,20€,-88%,2.44€,CI Games,2022-11-22 23:09:29.327184
Surviving Mars: Season Pass,35€,-88%,4.10€,,2022-11-22 23:09:30.773116
GOD EATER 3,50€,-88%,5.79€,BANDAI NAMCO Studios Inc.,2022-11-22 23:09:32.849132
Lucius III,20€,-88%,2.35€,Shiver Games,2022-11-22 23:09:34.064650
MotoGP 13,10€,-88%,1.20€,Milestone S.r.l.,2022-11-22 23:09:35.556503
Cities: Skylines Deluxe Edition,37€,-88%,4.26€,Colossal Order Ltd.,2022-11-22 23:09:36.755728
Soulcalibur VI,60€,-88%,6.99€,BANDAI NAMCO StudiosDimps Corporation,2022-11-22 23:09:37.809221
Train Sim World Bundle,40€,-88%,4.70€,Dovetail Games,2022-11-22 23:09:39.633757
Shadowrun: Hong Kong - Extended Edition,20€,-88%,2.49€,Harebrained Schemes,2022-11-22 23:09:40.763354
Sentinels of the Multiverse,10€,-88%,1.20€,Handelabra Games Inc.,2022-11-22 23:09:42.212235
Magrunner: Dark Pulse,20€,-88%,2.34€,Frogwares,2022-11-22 23:09:43.608275
Joe Danger 2: The Movie,14€,-88%,1.62€,Hello Games,2022-11-22 23:09:44.785320
Icewind Dale: Enhanced Edition,17€,-88%,1.99€,Beamdog,2022-11-22 23:09:46.624110
Europa Universalis IV: Common Sense Collection,20€,-88%,2.40€,,2022-11-22 23:09:47.776929
Watch Dogs Legion - Europe,60€,-88%,7.49€,Ubisoft,2022-11-22 23:09:48.861191
Middle-earth: Shadow of War Expansion Pass,40€,-88%,4.69€,Monolith Productions,2022-11-22 23:09:50.262676
Disney Pixar Brave: The Video Game,17€,-88%,2.00€,Behaviour Interactive Inc.,2022-11-22 23:09:51.683701
Alien Breed Impact,9€,-88%,1.06€,Team17 Software Ltd.,2022-11-22 23:09:52.883727
Gothic Universe Edition - Europe,20€,-88%,2.46€,Piranha Bytes,2022-11-22 23:09:54.018215
Killing Floor: Incursion,17€,-88%,2.00€,Tripwire Interactive,2022-11-22 23:09:55.491660
Sword Art Online: Hollow Realization Deluxe Edition,50€,-88%,5.79€,AQURIA,2022-11-22 23:09:57.204547
Real Farm,20€,-88%,2.49€,SOEDESCO,2022-11-22 23:09:58.728315
Jurassic World Evolution,45€,-88%,5.26€,Frontier Developments,2022-11-22 23:10:00.699869
Rise of Venice,20€,-88%,2.49€,Kalypso Media Digital,2022-11-22 23:10:01.967603
Darksiders III,40€,-88%,4.99€,Gunfire Games,2022-11-22 23:10:03.561542
Code Vein,50€,-88%,5.99€,BANDAI NAMCO Studios,2022-11-22 23:10:05.052176
Port Royale 3,15€,-88%,1.81€,Gaming Minds Studios,2022-11-22 23:10:06.503171
Ace Combat 7: Skies Unknown,60€,-88%,7.29€,BANDAI NAMCO Studios Inc.,2022-11-22 23:10:08.695021
Marvel vs. Capcom: Infinite - Europe,40€,-88%,4.99€,Capcom,2022-11-22 23:10:10.121809
Bioshock Infinite - Europe,30€,-88%,3.58€,Irrational GamesVirtual Programming (Linux),2022-11-22 23:10:13.581331
Majesty 2 Collection,22€,-88%,2.70€,1C:InoCo,2022-11-22 23:10:15.375763
War of the Roses: Kingmaker - Europe,18€,-88%,2.13€,,2022-11-22 23:10:16.756791
Ziggurat,15€,-88%,1.74€,Milkstone Studios,2022-11-22 23:10:18.004581
Star Wars: Knights of the Old Republic,8€,-88%,1.00€,BioWareAspyr (Mac),2022-11-22 23:10:19.411039
Deadlight Director's Cut,12€,-88%,1.46€,Tequila WorksAbstraction Games,2022-11-22 23:10:21.443890
TRON RUN/r,17€,-88%,2.05€,Sanzaru Games Inc.,2022-11-22 23:10:22.916720
Amnesia: The Dark Descent,20€,-88%,2.35€,Frictional Games,2022-11-22 23:10:24.183304
Among the Sleep Enhanced Edition,17€,-88%,1.99€,Krillbite Studio,2022-11-22 23:10:25.226669
Duke Nukem Forever,20€,-88%,2.49€,Gearbox Software,2022-11-22 23:10:26.458737
Train Station Renovation,18€,-88%,2.20€,Live Motion Games,2022-11-22 23:10:28.025187
Radio Commander,17€,-88%,1.99€,Serious Sim,2022-11-22 23:10:30.059806
Layers of Fear,20€,-88%,2.39€,Bloober Team SA,2022-11-22 23:10:31.131499
The Sims 3: High end Loft Stuff,20€,-88%,2.49€,The Sims Studio,2022-11-22 23:10:32.512939
Dragon's Dogma: Dark Arisen - Europe,30€,-88%,3.66€,Capcom,2022-11-22 23:10:34.029836
Los Sims 3: ¡Quemando rueda! Accesorios,20€,-88%,2.49€,The Sims Studio,2022-11-22 23:10:36.131374
Hello Neighbor: Hide and Seek,25€,-88%,2.99€,Dynamic Pixels,2022-11-22 23:10:37.225037
Worms Revolution Gold Edition,25€,-88%,2.99€,Team17 Digital Ltd,2022-11-22 23:10:38.515193
Crayon Physics Deluxe,18€,-88%,2.09€,Kloonigames,2022-11-22 23:10:39.408912
Tekken 7 - Originals Edition,90€,-88%,10.41€,BANDAI NAMCO Studios Inc.,2022-11-22 23:10:40.707621
Worms: W.M.D,30€,-87%,3.99€,Team17,2022-11-22 23:10:42.007855
Fling to the Finish,15€,-87%,1.89€,SplitSide Games,2022-11-22 23:10:45.604143
Song of Farca,17€,-87%,2.21€,Wooden Monkeys,2022-11-22 23:10:47.378706
The Night of the Rabbit, 20€,-87%,2.50€,Daedalic Entertainment,2022-11-22 23:10:48.765561
World of Zoo,10€,-87%,1.26€,Blue Fang,2022-11-22 23:10:50.164364
Sid Meier's Civilization V,30€,-87%,3.99€,Firaxis GamesAspyr (Mac)Aspyr (Linux),2022-11-22 23:10:52.670975
Deus Ex: Mankind Divided - Digital Deluxe Edition,45€,-87%,5.95€,Eidos Montreal,2022-11-22 23:10:54.277512
Rising Storm 2: Vietnam,23€,-87%,3.10€,Antimatter GamesTripwire Interactive,2022-11-22 23:10:57.793972
Tropico 3,10€,-87%,1.33€,Haemimont Games,2022-11-22 23:10:58.974799
Star Wars Classic Collection,44€,-87%,5.56€,Lucasfim,2022-11-22 23:11:00.172355
Warpips,15€,-87%,2.02€,Skirmish Mode Games,2022-11-22 23:11:02.497779
Endless Space - Definitive Edition,10€,-87%,1.25€,AMPLITUDE Studios,2022-11-22 23:11:04.194581
Breathedge,25€,-87%,3.26€,RedRuins Softworks,2022-11-22 23:11:05.672320
Atomicrops,15€,-87%,1.90€,Bird Bath Games,2022-11-22 23:11:07.338543
Bee Simulator,20€,-87%,2.50€,VARSAV Game Studios,2022-11-22 23:11:08.699853
Abyss Odyssey,15€,-87%,1.99€,ACE Team,2022-11-22 23:11:10.037820
Verdun,20€,-87%,2.50€,M2HBlackmill Games,2022-11-22 23:11:11.157121
Worms Rumble - Legends Pack,8€,-87%,1.00€,Team17 Digital Ltd,2022-11-22 23:11:12.441505
Worms Rumble Digital Deluxe Edition,22€ ,-87%,2.79€,Team17 Digital,2022-11-22 23:11:15.489022
Deus Ex: Mankind Divided,30€,-87%,3.92€,Eidos MontrealFeral Interactive (Linux)Feral Interactive (Mac),2022-11-22 23:11:17.451262
Fated Souls 2,10€,-87%,1.26€,Warfare Studios,2022-11-22 23:11:19.008581
Kingdoms of Amalur: Re-Reckoning Fate Edition,40€,-87%,5.13€,KAIKOBig Huge Games38 Studios,2022-11-22 23:11:21.710141
Naruto Shippuden: Ultimate Ninja Storm 4 Road to Boruto,77€,-87%,9.63€,CyberConnect2 Co. Ltd.,2022-11-22 23:11:22.953535
Pure Farming 2018 - Digital Deluxe Edition,30€,-87%,3.86€,Ice Flames,2022-11-22 23:11:24.497893
Megadimension Neptunia VIIR,25€,-87%,3.29€,Idea FactoryCompile Heart,2022-11-22 23:11:26.420844
Total War: SHOGUN 2 - Rise of the Samurai Campaign,10€,-87%,1.33€,The Creative AssemblyFeral Interactive (Mac)Feral Interactive (Linux),2022-11-22 23:11:28.426630
Unreal Gold,10€,-87%,1.26€,"Epic Games, Inc.",2022-11-22 23:11:29.655334
Port Royale 4,40€,-87%,5.17€,Gaming Minds,2022-11-22 23:11:31.363967
Blackguards 2,10€,-87%,1.29€,Daedalic Entertainment,2022-11-22 23:11:32.867746
Panzer Dragoon Remake, 21€,-87%,2.65€,MegaPixel Studio S. A.,2022-11-22 23:11:34.108330
The Suicide of Rachel Foster,17€,-87%,2.20€,ONE-O-ONE GAMES,2022-11-22 23:11:35.470286
Sairento VR,25€,-87%,3.29€,Mixed Realms Pte LtdSwag Soft Holdings Pte Ltd,2022-11-22 23:11:37.381575
One Piece Pirate Warriors 4 Deluxe Edition,75€,-87%,9.44€,Koei Tecmo,2022-11-22 23:11:38.868407
Just Cause 3,20€,-87%,2.68€,Avalanche Studios,2022-11-22 23:11:40.452226
AI War 2,17€,-87%,2.11€,"Arcen Games, LLC",2022-11-22 23:11:41.894066
A Fisherman's Tale,15€,-87%,1.98€,InnerspaceVR,2022-11-22 23:11:43.266492
Toybox Turbos,15€,-87%,1.99€,Codemasters,2022-11-22 23:11:44.313762
Borderlands: The Pre-Sequel Season Pass,30€,-87%,3.99€,2K AustraliaGearbox SoftwareAspyr (Linux),2022-11-22 23:11:45.716973
Dragonball Xenoverse Bundle Edition,65€,-87%,8.50€,DIMPS,2022-11-22 23:11:47.642108
Total War: Attila,45€,-87%,6.00€,CREATIVE ASSEMBLY,2022-11-22 23:11:48.703498
Delta Force: Black Hawk Down,15€,-87%,2.01€,NovaLogic,2022-11-22 23:11:51.931808
Disney's Chicken Little: Ace in Action,17€,-87%,2.25€,Avalanche Software,2022-11-22 23:11:53.300114
Disney Bolt,17€,-87%,2.13€,Avalanche Software,2022-11-22 23:11:56.011484
Ni no Kuni Wrath of the White Witch Remastered,50€,-87%,6.29€,LEVEL-5QLOC,2022-11-22 23:11:57.161007
Daymare: 1998,30€,-87%,3.99€,Invader Studios,2022-11-22 23:11:59.502386
Monster Sanctuary,20€,-87%,2.65€,Moi Rai Games,2022-11-22 23:12:01.324604
Giana Sister 2D,8€,-87%,1.00€,Kasaa Solution,2022-11-22 23:12:03.014720
Re-Legion,10€,-87%,1.26€,Ice Code Games,2022-11-22 23:12:05.073355
Death Squared,12€,-87%,1.62€,SMG Studio,2022-11-22 23:12:06.277303
GNOG,8€,-87%,1.09€,KO_OP,2022-11-22 23:12:08.627584
Diaries of a Spaceport Janitor,10€,-87%,1.25€,Sundae Month,2022-11-22 23:12:10.180342
Beatbuddy: Tale of the Guardians,9€,-87%,1.21€, Threaks,2022-11-22 23:12:11.784869
Crusader Kings II: The Reaper's Due Collection,14€,-87%,1.81€,Paradox Development Studio,2022-11-22 23:12:13.194530
Worms Pinball,8€,-87%,1.00€,Team17 Digital Ltd,2022-11-22 23:12:14.564811
Worms Blast,8€,-87%,1.00€,Team17 Digital Ltd,2022-11-22 23:12:15.967232
The Vanishing of Ethan Carter,19€,-87%,2.56€,The Astronauts,2022-11-22 23:12:17.956944
Stealth Bastard Deluxe,9€,-87%,1.20€,Curve Studios,2022-11-22 23:12:19.277694
MXGP 2019 - The Official Motocross Videogame,30€,-87%,3.99€,Milestone S.r.l.,2022-11-22 23:12:20.551187
The Surge 2,30€,-87%,3.99€,Deck13,2022-11-22 23:12:21.890781
Lead and Gold: Gang of The Wild West,10€,-87%,1.28€,Fatshark,2022-11-22 23:12:23.708494
Krater,15€,-87%,2.00€,Fatshark,2022-11-22 23:12:25.134538
Super Meat Boy Forever,17€,-87%,2.18€,Team Meat,2022-11-22 23:12:26.259618
Europa Universalis III: Divine Wind,10€,-87%,1.33€,Paradox Development Studio,2022-11-22 23:12:27.496473
Dungeon Rushers,15€,-87%,1.94€,Goblinz Studio,2022-11-22 23:12:28.854928
Disney Pixar Toy Story Mania!,17€,-87%,2.23€,Papaya Studio,2022-11-22 23:12:30.980363
CivCity: Rome,10€,-87%,1.29€,FireFly StudiosFiraxis Games,2022-11-22 23:12:32.230932
Lust for Darkness,15€,-87%,1.90€,Movie Games Lunarium,2022-11-22 23:12:33.545180
Super Dragon Ball Heroes World Mission,50€,-87%,6.49€,"Dimps CorporationSAFARI GAMES Co., Ltd.",2022-11-22 23:12:35.254065
Hitman: Codename 47 - Europe,8€,-87%,1.00€,Io-Interactive A/S,2022-11-22 23:12:37.422077
Lego The Hobbit,20€ ,-87%,2.59€,Traveller's TalesFeral Interactive (Mac),2022-11-22 23:12:38.479578
Mortal Kombat 11,50€,-87%,6.44€,NetherRealm StudiosQLOCShiver,2022-11-22 23:12:39.767422
Beholder 2,15€,-87%,1.99€,Warm Lamp Games,2022-11-22 23:12:41.174478
Stacking,10€,-87%,1.30€,Double Fine Productions,2022-11-22 23:12:42.500320
My Memory of Us,15€,-87%,1.99€,Juggler Games,2022-11-22 23:12:44.040191
Planet Alpha,20€,-87%,2.60€,Planet Alpha ApS,2022-11-22 23:12:45.821488
SimCity 4 Deluxe Edition,20€,-87%,2.54€,EA - MaxisAspyr (Mac),2022-11-22 23:12:46.802661
Scribblenauts Unlimited,20€,-87%,2.50€,5th Cell Media,2022-11-22 23:12:48.100761
Monaco: What's Yours Is Mine,15€,-87%,1.99€,Pocketwatch Games,2022-11-22 23:12:49.367759
Men of War: Assault Squad 2 (Deluxe Edition),30€,-87%,3.99€,Digitalmindsoft,2022-11-22 23:12:50.599652
LEGO Indiana Jones 2: The Adventure Continues,17€,-87%,2.24€,Traveller's Tales,2022-11-22 23:12:52.794831
Shining Resonance Refrain - Europe,30€,-87%,3.99€,SEGA,2022-11-22 23:12:54.328267
Moonlighter,20€,-87%,2.63€,Digital Sun,2022-11-22 23:12:56.064466
Antigraviator,20€,-87%,2.59€,Cybernetic Walrus,2022-11-22 23:12:58.141987
Tennis World Tour,30€,-87%,3.90€,Breakpoint,2022-11-22 23:12:59.579728
Dungeon of the Endless - Pixel Edition,12€,-87%,1.50€,AMPLITUDE Studios,2022-11-22 23:13:01.210462
One Piece: Pirate Warriors 3 Gold Edition,52€,-87%,6.69€," KOEI TECMO GAMES CO., LTD.",2022-11-22 23:13:02.712204
Deep Sky Derelicts,20€,-87%,2.59€,Snowhound Games,2022-11-22 23:13:04.528986
Megabyte Punch,14€,-87%,1.80€,Team Reptile,2022-11-22 23:13:05.864297
Dungeon Siege 3,15€,-87%,1.98€,Obsidian Entertainment,2022-11-22 23:13:07.200806
Nuclear Dawn,10€,-87%,1.31€,GameConnectInterWave Studios,2022-11-22 23:13:08.497733
Demolish & Build 2017,20€,-87%,2.50€,Noble Muffins,2022-11-22 23:13:10.433586
Naruto Shippuden: Ultimate Ninja Storm Legacy,137€,-87%,18.17€,CyberConnect2 Co. Ltd.,2022-11-22 23:13:11.856417
MX vs ATV All Out,40€,-87%,5.33€,Rainbow Studios,2022-11-22 23:13:13.034306
Beat Cop,15€,-87%,1.99€,Pixel Crow,2022-11-22 23:13:14.355223
Quarantine,10€,-87%,1.33€,Sproing,2022-11-22 23:13:17.050165
The Swords of Ditto,15€,-87%,1.99€,onebitbeyond,2022-11-22 23:13:18.070821
Pro Cycling Manager 2017,10€,-87%,1.26€,Cyanide Studio,2022-11-22 23:13:19.430347
Lock's Quest,15€,-87%,1.99€,Digital Continue,2022-11-22 23:13:21.128732
Quantum Replica,8€,-87%,1.00€,ON3D Studios,2022-11-22 23:13:23.573524
Ni No Kuni II: Revenant Kingdom - Europe, 60€,-87%,7.99€,Level-5,2022-11-22 23:13:25.296117
